{"data": [{"text": "phantom day"}, {"text": "O LEGOLAS"}, {"text": "O ALLOS VGAZEI TA VELH"}, {"text": "@b58ba0b6f18703e45f4de9736c2cb3e761fb40cb64d0e13272dd746ebe99cde15accb949aedf88d7dd3a785791444bf3f3db3abf85856a01459e0a6a01f7f9f8 Tha to exw sto nou mou"}, {"text": "\" UP THERE \""}, {"text": "nai prepei na to koitaksw auto"}, {"text": "!poof"}, {"text": "h poutana tou eisai"}, {"text": "mugifoAkala"}, {"text": "2 metra mousepad"}, {"text": "@5088c01ac6a1274287f1249d92cb1b1d0e0e326012d5354fa043654dba1e5917b27e3a1aae8d801fcca08f5a680345d6a21dc0c3cb40e89a3c1fd10c730e571b ti exeis ?"}, {"text": "kinda true"}, {"text": "se auto to command mhpws na vazame kai to edpi ?"}, {"text": "AGORASE KIOLAS"}, {"text": "oxi mono anoikse"}, {"text": "pantws muji pragmatika sou aksizei vraveio pou den anoigeis to NM ontas enas latrhs tou tzogou"}, {"text": "alla h erwthsh mou einai , tou phoenix giati na mhn metraei san kill /"}, {"text": "metraei san kill pantws apo oti exw dei"}, {"text": "otan skotwneis to ulti tou clove sou dinei knaonika gold san kill ?"}, {"text": "xaxaxaxaaxxaxa"}, {"text": "esu to ksekinhses muji"}, {"text": "i am safe"}, {"text": "!watchtime"}, {"text": "den thelei 2 kateu8unseis"}, {"text": "@f24cdc7c58068c6968181c72410c9b48d0a56672d8444487b7784b6ea72b8831b0b031d04089ba7bc8ba76de15267a3e3255bbefe285309c4bb8e27650f59717 D:"}, {"text": "gia to neon"}, {"text": "megalh alh8eia"}, {"text": "kala uparxoun kati treloi pou perpatan kai me to deksi click"}, {"text": "kai meta pws tha autizomai me to knife mou ?"}, {"text": "emena maresei to mousepad tou tenz , oti exei to prodigy pairnw"}, {"text": "D:"}, {"text": "pws eisai muji ?"}]}