{"data": [{"text": "XAXAXAXAXAXA"}, {"text": "nnai ela na paikseis rust"}, {"text": "alla sthn fapa tous exw"}, {"text": "15-20 atoma snipers"}, {"text": "TROo polu snipe"}, {"text": "KAKOPAIXTH"}, {"text": "BAMBI PARE MAS THN PIESH"}, {"text": "TORA"}, {"text": "KATSE KATO TANA"}, {"text": "skoupidiarh nidalee"}, {"text": "mia 8esh sto hayate army"}, {"text": "oxi apla cringe"}, {"text": "den uparxei"}, {"text": "pio cringe apo autous p kanoun snipe allous kai to bazoun sto tiktok"}, {"text": "loipon lete gia to tiktok oloi sas"}, {"text": "mono to elo mas peftei"}, {"text": "den peftoume"}, {"text": ":("}, {"text": "HREMA"}, {"text": "SUNADERFE VIPISTA"}, {"text": "YUMIFUCKING ARXIDOSKOUPHS MAIN"}, {"text": "REVOLTEXXXXXXXXXXXXXXXXXXAROS"}, {"text": "ROSE OF THE FUCKING GODS"}, {"text": "NA GINEI DROMIKOS"}, {"text": "8A TOU GAMISOUME TOU ERMH"}, {"text": "XAXAXAXAXAXAXAXAXAXAXAXAXAXAXAXAXAXAXAX"}, {"text": "XAXAXAXAXAXAXAXAXAXAXAXAXA"}, {"text": "ean kleiseis stream prin pas master shmera unfollow apo mena"}, {"text": "egw exw uposxesh sou pws 8a pas master shmera"}, {"text": "welcome to diamond 2"}, {"text": "!elo"}, {"text": "\u03bf \u03bc\u03c0\u03b1\u03bc\u03c0\u03b7\u03c2 \u03ba\u03b1\u03b9 \u03b7 \u03c0\u03b9\u03c0\u03b1 \u03c4\u03bf\u03c5"}]}