{"data": [{"text": "\u0397 Ano \u03bc\u03b5 hawhaw perisi kalitera"}, {"text": "sto MSI pisteveiw exoun elpida i G2?"}, {"text": "\u03a4\u03b9 \u03c0\u03b9\u03c3\u03c4\u03b5\u03cd\u03b5\u03b9\u03c2 Nero \u03cc\u03c4\u03b9 \u03ad\u03c6\u03c4\u03b1\u03b9\u03b3\u03b5 \u03ba\u03b1\u03b9 \u03b4\u03b5\u03bd \u03c0\u03b1\u03af\u03be\u03b1\u03bc\u03b5 \u03ba\u03b1\u03bb\u03b1"}, {"text": "\u0391\u03c0\u03bf\u03b3\u03bf\u03b7\u03c4\u03b5\u03cd\u03c4\u03b7\u03ba\u03b1 \u03c0\u03bf\u03bb\u03cd \u03bc\u03b5 Ano kai TP :( \u03ae\u03b8\u03b5\u03bb\u03b1 \u03bd\u03b1 \u03c4\u03bf\u03c5\u03c2 \u03b4\u03c9 \u03c3\u03c4\u03bf main event"}]}