{"data": [{"text": "to 2025 ennoei"}, {"text": "ante kali jekourash <3"}, {"text": "wx wx wx"}, {"text": "eprepe na ta perimeneis auta apo tin stigmi poy itheles gata"}, {"text": "klasikes gates mlk, den mporoun na katsoyn isixa"}, {"text": "Cheer10"}, {"text": "to stream min jexasei anoixto pali"}, {"text": "meooooooooooooooooooooow"}, {"text": "meow"}, {"text": "wx hahhaa"}, {"text": "plintirio*"}, {"text": "@a7542b6a8d7b9ead350758557c4db5bf21a8ec0e88e1ec0c3414b6c1896d0b0f5324fd3dda5f1058d6ee1697077b26a99fdfa01f8abd629c811b96212b58d283 kai egw to plinritio perimenw hahhaha"}, {"text": "se paralies gumnistwn pas?"}, {"text": "+1"}, {"text": "mpes sto vanaki na soy dwsw karamelitses"}, {"text": "emeis pou den tha pame pouthena to paxsa NotLikeThis"}, {"text": "@80400d187d0d02e0acd2d3b8d1421eb58d86ddd93f0a65d21bd4fb6ec51d84a97f263c75d2ed935d6011c7bec50a95deba3cbfef11f172a4f0ec45a77932bbaa Kappa Kappa"}, {"text": "@80400d187d0d02e0acd2d3b8d1421eb58d86ddd93f0a65d21bd4fb6ec51d84a97f263c75d2ed935d6011c7bec50a95deba3cbfef11f172a4f0ec45a77932bbaa To grapsa prwthhhhhhh xixixiix"}, {"text": "LUL"}, {"text": "se eida kai laxtarisa"}, {"text": "@823bb909f8e7f18a9a49e01d3c01b1a903eb6ec2bb25f88049b641ba03b2bd4b99bfbe23928b94e271f396dc12a8bafd76451ff84503b075ff48a82d45cbcfff flying189Twerk flying189Hi flying189Hi"}, {"text": "@a7542b6a8d7b9ead350758557c4db5bf21a8ec0e88e1ec0c3414b6c1896d0b0f5324fd3dda5f1058d6ee1697077b26a99fdfa01f8abd629c811b96212b58d283 geia sou brouli <3"}, {"text": "flying189Beemo flying189Beemo flying189Beemo flying189Beemo"}, {"text": "ante na gineis 22 kai esu Kappa"}, {"text": "wx to mwraki einai akoma anixto <3"}]}