{"data": [{"text": "Exw eishthria gia rammstein...gnwmh?"}, {"text": "Pantera"}, {"text": "O kassa 8a se kanei ntei ntei"}, {"text": "Galio jg mhn se baitaroun :p"}, {"text": "Ok. Giato pisteua oti egw eimai anomalos."}, {"text": "Kolhse to keybord sorry. Vlepw oti na nai champion jg . Last game alistar jg."}, {"text": "Oti champion jg"}, {"text": "Re mpampi na se rwthsw kati? Einai new meta na paizeis"}, {"text": "Brand jg?"}, {"text": "Serenata"}, {"text": "Just chill you have report"}, {"text": "Report"}]}