{"data": [{"text": "opoios xasei prwta xanei nmz"}, {"text": "ti"}, {"text": "??????"}, {"text": "boda GIGACHAD"}, {"text": "the must of forgot"}, {"text": "kai prepei n ksana tryhardarw BibleThump"}, {"text": "kapws exw kanei win streak"}, {"text": "min vlepeis kwlous"}, {"text": "sta paparia mas"}, {"text": "gopog"}, {"text": "adhd"}, {"text": "spamare llv 7 kai tetoia"}, {"text": "YEP"}, {"text": "ALLA pezei insane"}, {"text": "polu mounopanaki"}, {"text": "Epeksa xtes"}, {"text": "LULW"}, {"text": "patra"}, {"text": "psolokruo exei"}, {"text": "th zesth"}, {"text": "pedro"}]}