{"data": [{"text": "ti vgazeis"}, {"text": "AXXAAXAXXAAX"}, {"text": "meta apo auto to hook"}, {"text": "to potami den 8a einai pote 3ana to idio"}, {"text": "wraios"}, {"text": "qr"}, {"text": "var"}, {"text": "8a mas parei o ypnos"}, {"text": "AX"}, {"text": "AX"}, {"text": "AXAX"}, {"text": "XAAAXAX"}, {"text": "kerase koutaki o @4b71f852f977a8a10545da1afe01e3a0f2af2979016607c82e32035ca519a1934435b7f0fd1002e73ac793e09842fee17c3de5f381f3dd5904cf148eff759527"}, {"text": "habla"}, {"text": "mas eipe hubla"}, {"text": "PRWTH MERA LOL PAIZEIS?"}, {"text": "TI 8ES NA PETUXEIS"}, {"text": "GAME MPHKES"}, {"text": "META APO REMAKE"}, {"text": "99% 8a xasei"}, {"text": "meta apo remake game mphke"}, {"text": "na valw kgw"}, {"text": "valte pontakia win"}, {"text": "magic"}, {"text": "mpampi"}, {"text": "rebet"}, {"text": "oute gia adc"}, {"text": "AXXAAXAXAXAXXAAXAX"}, {"text": "AXAXAXAXAXAXAX"}, {"text": "AXAXAXAXAXAXAXAXAX"}, {"text": "ama paizw egw kanw 1v9"}, {"text": "den mporei"}, {"text": "ama paizeis esu bot"}, {"text": "hahahaahahahah"}, {"text": "haha to asteio ths meras"}, {"text": "@d848fb0fd78678bfde989ffea60ccc833bb12575f44e532e550be193f2bb2aad738bac3ee35a299e63953acd45e781cfc5e50a5fbe6aa9e5c6fa3fc34befcf1f den paizoun oloi san esena"}, {"text": "na tryhardareis"}, {"text": "mpampi nomizw prepei na arxiseis"}, {"text": "@4b71f852f977a8a10545da1afe01e3a0f2af2979016607c82e32035ca519a1934435b7f0fd1002e73ac793e09842fee17c3de5f381f3dd5904cf148eff759527 eune"}, {"text": "XAAXAXAXAXAX"}, {"text": "re mpeite na mazeutoume na paiksoume kana aram na paroume kana chestaki naoume"}, {"text": "@d848fb0fd78678bfde989ffea60ccc833bb12575f44e532e550be193f2bb2aad738bac3ee35a299e63953acd45e781cfc5e50a5fbe6aa9e5c6fa3fc34befcf1f ma8ame ti ginetai ekei?"}, {"text": "@8e3a18e91e582fb022c8cab90d9e566d0466da07e81438d7f49342db69fa872a4aa6c3cc2041aef4ad6b7dea0abb79e9b5b91d8c5ef5ee85aae4bed355c2f0b3 oute me lefta"}, {"text": "chestaki"}, {"text": "kapoios gia aram na autokerastoume"}, {"text": "axaxaxaxaxaxax"}, {"text": "na vgaloume kana frago"}, {"text": "ela aram exw kouti"}, {"text": "@d848fb0fd78678bfde989ffea60ccc833bb12575f44e532e550be193f2bb2aad738bac3ee35a299e63953acd45e781cfc5e50a5fbe6aa9e5c6fa3fc34befcf1f"}, {"text": "@8e3a18e91e582fb022c8cab90d9e566d0466da07e81438d7f49342db69fa872a4aa6c3cc2041aef4ad6b7dea0abb79e9b5b91d8c5ef5ee85aae4bed355c2f0b3"}, {"text": "ps2"}, {"text": "pii gerl"}, {"text": "ti p"}, {"text": "mexri na vgei to kapelo"}, {"text": "@8e3a18e91e582fb022c8cab90d9e566d0466da07e81438d7f49342db69fa872a4aa6c3cc2041aef4ad6b7dea0abb79e9b5b91d8c5ef5ee85aae4bed355c2f0b3 to kserw"}, {"text": "@d848fb0fd78678bfde989ffea60ccc833bb12575f44e532e550be193f2bb2aad738bac3ee35a299e63953acd45e781cfc5e50a5fbe6aa9e5c6fa3fc34befcf1f nai logika"}, {"text": "exw faei 30 timeout se 2 meres"}, {"text": "ftanei me ta timeout"}, {"text": "re malaka"}, {"text": "for free"}, {"text": "h apla klepse to"}, {"text": "na varame me ta yordle"}, {"text": "pame na paiksoume dragensang"}, {"text": "na paizoume wizzard ekei"}, {"text": "gurna to se metin 2"}, {"text": "twitch ap"}, {"text": "ti paizeis 4 to meshmeri"}]}