{"data": [{"text": "mwwwahhh!"}, {"text": "HahaBall xaxaxaxa ti akoustike"}, {"text": "\u03ba\u03c1\u03b7\u03c4\u03b7 slakiGasm"}, {"text": "eimaste lastixo maniacs :D"}, {"text": "@a7542b6a8d7b9ead350758557c4db5bf21a8ec0e88e1ec0c3414b6c1896d0b0f5324fd3dda5f1058d6ee1697077b26a99fdfa01f8abd629c811b96212b58d283 nai re ennoeite se merkes einai michelin & continental kai bridgestone \"\u0394"}, {"text": "ooo ftiaxnete narkotikares ekei? :P"}, {"text": "to kalokairi ta pireli feugoun isia"}, {"text": "isxyei"}, {"text": "nice nice kalotaksida... ego eixa parei nexen :D"}, {"text": "ooo turanza i potenza"}, {"text": "@a7542b6a8d7b9ead350758557c4db5bf21a8ec0e88e1ec0c3414b6c1896d0b0f5324fd3dda5f1058d6ee1697077b26a99fdfa01f8abd629c811b96212b58d283 ti marka?"}, {"text": "ti apostoli exete???"}, {"text": "afou auto kanoun! \u03c7\u0394"}, {"text": "ase ta sokolatakia katooo paxainoun :P"}, {"text": "HahaBall"}, {"text": "\u03b1 \u03c1\u03b5 berlingo dinami"}, {"text": "poios trexei???"}, {"text": "Kalimeres! 13 ores stream? :D"}]}