{"data": [{"text": "pekse"}, {"text": "kai egw sto screen eimai kai exw iven supp kalo?"}, {"text": "!razer"}, {"text": "!giveaway"}, {"text": "se mikro"}, {"text": "@5d55db08708bfef0c902d556c431a9f2512c185f8c518912c49a43b9ec13d4836c4785f5dfba8cb8b3d693de4aaa13420a0d3146d39b78ef615415acc64a3ebd  malaka autos einai esu"}, {"text": "thx"}, {"text": "ligo to link tou paidiou @5d55db08708bfef0c902d556c431a9f2512c185f8c518912c49a43b9ec13d4836c4785f5dfba8cb8b3d693de4aaa13420a0d3146d39b78ef615415acc64a3ebd"}, {"text": "ahaha"}, {"text": "e twra re mlk se ematgha apo tsiga ti na kanw prwto munima auto tha itan"}, {"text": "tsigas se mikro eisai mlk hahahah"}]}