{"data": [{"text": "50? posa accounts exeis?"}, {"text": "Kappa"}, {"text": "egw de bazw 2 giati tha arxiseis na klais pali"}, {"text": "sta arxidia mas irrelevant einai"}, {"text": "tsiga mhpws eimaste gia kana frouto?"}, {"text": "GIA KLEISIMO PAEI TO MAGAZI TSIGA"}, {"text": "BET MODS"}, {"text": "JOJOC? EXOUME PESEI TOSO?"}, {"text": "AAXXAXAAXAXAX"}, {"text": "OXI RE MHN TO KSANAPEIS AUTO"}, {"text": "Kappa"}, {"text": "OXI RE MH KLEISEIS"}, {"text": "MALAKA KOPSTON FTANEI"}, {"text": "otan akouw ton diok na milaei etsi tromazw"}, {"text": "ALLH  MIA MERA POU O DIOK EXEI BGALEI TO MUTE"}, {"text": "SWPA RE"}, {"text": "AKOUW OTI ME KANEI NA KOUNIEMAI"}, {"text": "FWNH TSIGA"}, {"text": "MPAINW SE ENA KUKLOOOOO MALLON THA PONESEI"}, {"text": "Kappa"}, {"text": "EXOUME KANA LIVE?"}, {"text": "APOELLARA EXASA TO BET GTXS"}, {"text": "APOELLARA STRWSE ENA KALO BET MH GAMITHEIS"}, {"text": "TI EGINE"}, {"text": "NTINO POUTSA?"}, {"text": "BALE ENA KALO NA REFAROUME"}, {"text": "den eblepra apoellara"}, {"text": "HIMARA KERNA KANA MPOUKALI RE NOPANO"}, {"text": "makari 15/0 kai defeat"}, {"text": "lew na krathsw ta resta"}, {"text": "eipa den maresei"}, {"text": "apoxh @dab44978f2695205086c76ac0c85a8a935c7f1bea89bc88ed3f33994a4509e665520183e116739739f96de42c38329afe01c8a4cabefbb4b431f802dc1e17860"}, {"text": "KANE ENA DEKALEPTO TON NTINO MHN TA AKOUSEI OLA"}, {"text": "AAXAXAXXAXAAX"}, {"text": "NPC"}, {"text": "INCOMING"}, {"text": "0/40"}, {"text": "KSUPNATE"}, {"text": "NOPANA"}, {"text": "BALTE KANA BET STO 2"}, {"text": "metaksu mas"}, {"text": "delatrolio me 50 eurw se paw silver"}, {"text": "NA KSES"}, {"text": "POLU ME KAULWNEIS"}, {"text": "GAMIA"}, {"text": "OBITO POSO EISAI ?"}, {"text": "malaka koita ton obito kai dhmosies sxeseis"}, {"text": "tha se enhmerwsoume"}, {"text": "master?"}, {"text": "no troll"}, {"text": "tsiga xameno account d4 poso paei?"}, {"text": "tsiga duo me delatrolio next"}, {"text": "nai re master den blepoume emerald logika"}, {"text": "TSIGA DWSE Q NEXT NA SNIPARW"}, {"text": "AXAXXAAXAX"}, {"text": "auton ton twitch ton gapara proxthes sto gold tsiga"}, {"text": "AAXAXAXAXAXAXAXAXAXAXA"}, {"text": "WRAIOS TSIGA O ALLOS THA PARATHSEI TH ZWH TOU GIA NA BAZEI BETS"}, {"text": "TA EXOUN KANEI POUTANA EDW MESA"}, {"text": "ORGANWSE TOUS"}, {"text": "ETSI OBITO BALE TAKSI"}, {"text": "Kappa"}, {"text": "OBITO MHN KOIMASAI GTXS KAI ESU"}, {"text": "EXEIS MODS KATI STAMPOU KATI MALAKIES KATI ARXIDIES TETOIES KAI DEN EXEIS OBITO"}, {"text": "OBITO BALE BETS"}, {"text": "mono apoellaras einaia ctive kai einai mod kamia bdomada"}, {"text": "bale obito oloi gia petama einai"}, {"text": "190 NA TA AFHSW?"}, {"text": "EPESAN"}, {"text": "TSIGA FORTWSE KAI TA VIEWBOTS"}, {"text": "PROXWRAME"}, {"text": "DDOS APO DIOK LOGIKA"}]}