{"data": [{"text": "kleiston re ton akatalllo"}, {"text": "me ton olumpiaco 3ereis tha fas kala gia auto"}, {"text": "o abrabat pote einai na parei kitrinh karta ???"}, {"text": "\u03bf \u03b1\u03b2\u03c1\u03b1\u03bc\u03c0\u03b1\u03c4 \u03c0\u03bf\u03c4\u03b5 \u03b8\u03b1 \u03c0\u03ac\u03c1\u03b5\u03b9 \u03ba\u03af\u03c4\u03c1\u03b9\u03bd\u03b7?"}, {"text": "\u03c4\u03ce\u03c1\u03b1 \u03c4\u03b9 \u03c0\u03c1\u03bf\u03c3\u03c0\u03b1\u03b8\u03b5\u03af\u03c2 \u03bd\u03b1 \u03b5\u03be\u03b7\u03b3\u03ae\u03c3\u03b5\u03b9\u03c2 \u03c3\u03b5 \u03b1\u03b5\u03ba\u03c4\u03b6\u03b7"}]}