{"data": [{"text": "(den exw gf itan i fones)"}, {"text": "cba"}, {"text": "mou estelne kai to gf in game den mporousa na kano focus"}, {"text": "re entometaksi ta runes mou den pezonte se auto to mu nomiza oti eixa singed enemy"}, {"text": "XAAXXAXAXA"}, {"text": "e nai alla epekse gia tin manatou"}, {"text": "krima gia ton kha epekse gia tin manatou"}, {"text": "lew ti ginete"}, {"text": "file ekino to flash mesa pou ekanes trelathika"}, {"text": "^"}, {"text": "gia to game"}, {"text": "distixos to top gap itan to much"}]}