{"data": [{"text": "tslElenh tslElenh tslElenh tslElenh"}, {"text": "XAXAXAXAXAXAXAX \u0395\u03a3\u03a5"}, {"text": "XAXAXAXAXAXXA"}, {"text": "!cap"}, {"text": "\u0395\u03a0! \u03b4\u03b5\u03bd \u03ba\u03c1\u03b1\u03b6\u03bf\u03c5\u03bc\u03b5 eurolegaue \u03bf\u03c4\u03b1\u03bd \u03b2\u03bb\u03b5\u03c0\u03bf\u03c5\u03bc\u03b5 \u03b1\u03c5\u03c4\u03bf \u03c4\u03bf \u03b5\u03ba\u03c4\u03c1\u03c9\u03bc\u03b1"}, {"text": "HOT"}, {"text": "tslElenh tslElenh tslElenh"}, {"text": "XAXAXAXAXAXAX"}, {"text": "\u03b5\u03c1\u03b5 \u03c4\u03b9 \u03b1\u03ba\u03bf\u03c5\u03bc\u03b5"}]}