{"data": [{"text": "Datodinosayraki"}, {"text": "O teleytaios"}, {"text": "Reeee o allos dokimazei kai to prama"}, {"text": "Tha kimithei pali sthn karekla kai tha ksipnisei san to anapodo gamoto!!"}, {"text": "Svinei"}, {"text": "Chattt"}, {"text": "Pwpw ebala 50 peripou kaltes mesa... Na dw pws tha tis ksanakanw zevgaria"}, {"text": "Poco: Ela koimisou mori"}, {"text": "Sis :)"}, {"text": "*mina"}, {"text": "Nai eixa na valw kana mona plintirio sto spiti"}, {"text": "Etoimo kai to 1o plintirio, valame kai to 2o"}, {"text": "@bdf29efc668f0ace62edf0580935a57c11aa9220972d904f6aeaa5a260297264e917c7ba380d2af1c2e99796683e9cc83a7c35a29313f2ae1fee3030a2ca64b6 Panakriva ksenodoxia aytes tis meres exei"}, {"text": "Geia sou Sis"}, {"text": "Team Olivia egrapse"}, {"text": "Gamisame simera"}, {"text": "94%!!!"}, {"text": "!love @472ec90cc7f450e11e20a39d8373516e62f243f254310dec9f021bd63984d194ff56e89b9ee24aa2973f5eb3adbc4f48adb1fa565f4e789439be2127e731015b"}, {"text": "Ahhh na dw se poia omada eimai simera?"}, {"text": "!age"}, {"text": "Egw hmoun anamesa sta Goodyear kai sta Bridgestone. Alla katelixa sta bridgestone. Ta Touranza 5 mou eixa bgei telia se allo amaxi. Twra tha parw ta 6aria sto amaxaki mou"}, {"text": "flying189Beemo flying189Beemo flying189Beemo flying189Beemo flying189Beemo"}, {"text": "Mpikate pistirika bgikate poritsi tis pantrias... Ainte..."}, {"text": "flying189Beemo flying189Beemo flying189Beemo flying189Beemo flying189Beemo"}, {"text": "Ara paw gia ta bridgestone"}, {"text": "H diafora Hankook/kumho kai Bridgeston htan 20\u20ac"}, {"text": "POTE KSANA PIRRELI!!"}, {"text": "Touranza6"}, {"text": "Touranza. Den thelw sport lastixa"}, {"text": "Bridgeston"}, {"text": "Molis agorasa lastika. 400\u20ac flying189Butt"}, {"text": "Olivia... Paradexouto. Ksanthia eisai kai ta vafeis!!"}, {"text": "Kakomira mou!! Mhn ntelapareis kai parei fotia!! Tha mastourosei olo to LS!"}, {"text": "Ama piasei 161 tha ksevidosei!!"}, {"text": "Poly kallo fortigaki"}, {"text": "Egw exa to poio megalo IRL btw. To Jumper"}, {"text": "160!!"}, {"text": "158!!"}, {"text": "155"}, {"text": "152!!"}, {"text": "146!!"}, {"text": "PAME ASTRAXAN!!"}, {"text": "140 :("}, {"text": "142!!"}, {"text": "141"}, {"text": "140"}, {"text": "140"}, {"text": "140"}, {"text": "Tha petas kai esy. Enas theos kserei apo pou tha dw. Logika apo ton Servo to ti ginete sthn poli"}, {"text": "Ayrio den tha paixw tha eimai pali xorio"}, {"text": "O Alain 30mines h Olivia 1068 mines"}, {"text": "Otan tis eipa to noumero trelathike gourlose ta matia"}, {"text": "Mono 1068 mines erixa sthn Olivia simera"}, {"text": "Den vazw megales pines @d3f78d176d945aaa7f53dc932fafb3f4e046c4c97b38335d975271a4dfddd0deea921a00312bcf2df9e2bdf205157df1afa399fe87fbbf3fa518f9949d7cf401"}, {"text": "Egw eimai o kalitero batsoulis"}, {"text": "Legomai Ion Pavlidis"}, {"text": "@d3f78d176d945aaa7f53dc932fafb3f4e046c4c97b38335d975271a4dfddd0deea921a00312bcf2df9e2bdf205157df1afa399fe87fbbf3fa518f9949d7cf401 Pou na kseres pws einai to onoma mou sto RP..."}, {"text": "To tha fame simera htan stream snipe :)"}, {"text": "Kserw egw?! Egw me ta fagita to exw brei. Stelnw SMS se esena kai kati kanonizeis"}, {"text": "h 450ari?"}, {"text": "350ari einai?"}, {"text": "Logika oxi"}, {"text": "Tha to pareis sto onoma sou?"}, {"text": "Vafto roz"}, {"text": "PWPW !! Ntalika!!"}, {"text": "Tha ksekourasteis"}, {"text": "Pali kala"}, {"text": "Se poses ores ksipnas?"}, {"text": "Exeis megalo fortigo?! Nai (kai bgazei to berling)"}, {"text": "To rozouli sigrouomeno!!"}, {"text": "Telos... Vrika neo paratsoukli gia to amaxi sou!!"}]}