{"data": [{"text": "\u03bf \u03b3\u03b9\u03b1\u03bd\u03bd\u03b1\u03ba\u03bf\u03c2 \u03b3\u03c4 \u03b4\u03b5\u03bd \u03c0\u03b1\u03b6\u03b9\u03b5\u03b9; \u03b2\u03b1\u03c1\u03b9\u03b5\u03c4\u03b1\u03b9;"}, {"text": "\u03c0\u03bf\u03bb\u03c5 \u03b3\u03bb\u03c5\u03ba\u03b9\u03b1 \u03bc\u03bf\u03c5\u03c1\u03b7"}, {"text": "\u03b5\u03bd\u03b1 \u03c4\u03c1\u03b1\u03b2\u03b5\u03bb\u03af \u03bf\u03c0\u03c9\u03c2 \u03bb\u03b5\u03b5\u03b9 \u03b7 \u03b9\u03b4\u03b9\u03b1 \u03c3\u03c4\u03bf \u03bf\u03bd\u03bf\u03bc\u03b1 \u03c4\u03b7\u03c2"}, {"text": "\u03c0\u03b5\u03bd\u03b1\u03bb!"}, {"text": "\u039d"}, {"text": "Sadge"}, {"text": "re se parakalw, mh valeis mavs ponaei h psyxolouka apo to blowout"}, {"text": "h autoktonia h uprvjimo"}]}