{"data": [{"text": "ryze flash sto 20 akrivos"}, {"text": "santorin einai"}, {"text": "nai"}, {"text": "kati kako apla"}, {"text": "to kaisa paei melee se rumble pou exei stackarismeno passive"}, {"text": "cleptomancy nasus ola cleptomancy pezontousan tote"}, {"text": "cleptomancy ezreal epoxares"}, {"text": "to passive tou sion pistevo thelei buff kai to q nerf"}, {"text": "ti kovei to q sta grubs wtf"}, {"text": "to build einai eclipse se full tank?"}, {"text": "to jg toulaxiston einai autofill"}, {"text": "mid kai jg einai terma trextes"}, {"text": "ena hit den kanei"}, {"text": "kog ebgale 2 armor items kai pezei san ptna"}, {"text": "einai mallon kinezos o kog"}, {"text": "to poio antikimeniko greek lol gameplay"}]}