{"data": [{"text": "kapws doulepse"}, {"text": "Kappa"}, {"text": "malphite no flash kalo auto"}, {"text": "essence river?"}, {"text": "no mana"}, {"text": "gnwmh pou ellhnes tha toufekane ellhnes sto emea"}, {"text": "PAO MALPHITE Pog"}, {"text": "cleanse s auto to game no?"}, {"text": "Lethal tempo den paizetai o  Draven?"}, {"text": "thumamai ki allh fora prin kana xrono eixe parei +5 ad o draven"}, {"text": "apo pote einai auth e efhmeridea"}, {"text": "sylas jg WeirdChamp"}, {"text": "@ba29deac4b3af8ee0a3cde433e6623fe7c66be409f2af559cb7cd630925bb27aed1a37204fb2e50b74ba03e70cd9f228bee7d29a3802799a9eabcf3ccd280a74 nai"}, {"text": "marko xereis poia teams tha pane sto esports world cup saudi arabia?"}, {"text": "vale to video tou school phobia sto queue"}, {"text": "hardstuck 700lp Sadge"}]}