{"data": [{"text": "KALI EPYTIXIA STA PAIDAI SIMERA STIS 7 ME METADOSI STO YOU TUBE"}, {"text": "antio king"}, {"text": "@ffc024cd16e35f3edc97aa52074bd1eddd6148a99c70808ca67be4ecac5427bdb044f86dc06e480940402fe0c284c8d9a2ffda96a30d01733421ca7c3321d213 TI WRA PAIZEI O OSFP?"}, {"text": "MIDAKI"}, {"text": "MID"}, {"text": "\u03a3\u039a\u0391\u03a3\u0395 \u03a1\u0395 \u03a0\u039f\u03a5\u03a4\u0391\u039d\u0391 DEMON TIME \u03a4\u03a9\u03a1\u0391 \u0398\u0391 \u0393\u0391\u039c\u0397\u0398\u0395\u0399\u03a3 \u0391\u03a0\u039f PIN1 RRRRRRRRRRRRRRRRRRRRRRRRRRRRR"}]}