{"data": [{"text": "An autos o blitz einai challenger mporo kai ego :D"}, {"text": "Kai allo report EZ"}, {"text": "xaxaxa"}, {"text": "+25 sta wins -20 sta losses tha isoun 1600lp"}, {"text": "Oops, 14.8 patch einai to bgalan prin 2 meres"}, {"text": "https://www.leagueoflegends.com/en-us/news/game-updates/patch-14-8-notes/"}, {"text": "nai"}, {"text": "Erxontousan oi avengers bot"}, {"text": "grafei flashes sto chat"}, {"text": "IGL EZ"}, {"text": "LEC calls sto grandmaster"}, {"text": "autofill adc kai mid. Kala tha paei auto"}, {"text": "@451f931bbec2a4da50d257151286a0f2d82171e2c8d34f086c74f30dd775ee842a4f82654b663ef4416759906fc180d3d78cf1859aa8204d9f225bfe28490838 Madge stream?"}, {"text": "O re ena drift"}]}