{"data": [{"text": "hot"}, {"text": "kleise re ton hli8io"}, {"text": "ela exei provlima nohtiko h kuria kopstin"}, {"text": "malaka den ginete oi aextzides na einai toso hli8ioi @ffc024cd16e35f3edc97aa52074bd1eddd6148a99c70808ca67be4ecac5427bdb044f86dc06e480940402fe0c284c8d9a2ffda96a30d01733421ca7c3321d213"}, {"text": "kopse thn kuria"}, {"text": "mhn perimeneis dipsifio ari8mo iq apo aextzides @ffc024cd16e35f3edc97aa52074bd1eddd6148a99c70808ca67be4ecac5427bdb044f86dc06e480940402fe0c284c8d9a2ffda96a30d01733421ca7c3321d213"}]}