{"data": [{"text": "t mood k t daxtula uparxoun"}, {"text": "xaxaxaxaxaxaxaxa"}, {"text": "k meta leei pame pali winner"}, {"text": "se vazei looserq"}, {"text": "g 5 game"}, {"text": "spaeei t mmr"}, {"text": "nai re"}, {"text": "k kala oti paizeis me loosers"}, {"text": "ekfrash einai"}, {"text": "ti malakies akouw"}, {"text": "dn uparxei loserq"}, {"text": "ta core items apo pro builds ok t epomena item einai analoga t game"}, {"text": "terminus"}, {"text": "ax kai t pername"}, {"text": "an 3erei h qiyana"}, {"text": "akurwnei tn karta tou"}, {"text": "xD"}, {"text": "s arese?"}, {"text": "lao dld apo t lobby otan phre tf se qiyana"}, {"text": "o pyke tn epiane k tn skotwne"}, {"text": "h neeko toulaxiston apla wall na ekane o karthus"}, {"text": "nekroi"}, {"text": "eisastan nekoi"}, {"text": "enw st epomeno all in"}, {"text": "3ana forcaran"}, {"text": "ekei pou phran t flash apo neeko"}, {"text": "eutuxws t bot ts einai kaloi paixtes"}, {"text": "eixe t koumpia"}, {"text": "k t phran flash st 3"}, {"text": "qiyana paizei"}, {"text": "irellevant ti 8a vgaleis me t stacks paizei t champ"}, {"text": "t full playable"}, {"text": "as doume"}, {"text": "full playable"}, {"text": "nai re"}, {"text": "dodge"}, {"text": "pssssssss"}, {"text": "xaxaxaxaxaxa"}, {"text": "an einai kalo t janna dn pe8aineis pote 2vs2"}, {"text": "na paroun lead k isws kouvalhsoun"}, {"text": "oi poio polu 8eloun engages supps na ts settaroun t akills"}, {"text": "alla dn prepei na patas koumpia k na eisia egirl"}, {"text": "dn s kanei kaneis engage"}, {"text": "@87e8d5f8e20af085e46e79bb27e844de2bfcec4574c21105b916bff9f367e7d8d5745a0e07a6c55c22b254001bb7c0e2dc29d02bf2301f9b32ed6285ae8d37ba pl kalo einai re an 3erei na paizei"}, {"text": "pai3e ligo kaisaki"}, {"text": "sto silver"}, {"text": "xaxa"}, {"text": "G na mn pw 30"}, {"text": "Apo 1 lvl mexri 6 pe8ainete"}, {"text": "An dn pai3ei t qiyana xasate"}, {"text": "Gt dn paizeis cait blind?"}, {"text": "pinkho6Kill pinkho6Kill pinkho6Kill"}, {"text": "wackaf11 wackaf1Ckamb"}, {"text": "wackaf1Ckanice"}, {"text": "pinkho6Hibunny"}]}