{"data": [{"text": "O epivitoras tou olumpiakou"}, {"text": "NBA ResidentSleeper"}, {"text": "N"}, {"text": "@0552f321c9c31af2208f875cfa86ca5e4ea91ae79a5d33efac6ce39580d10a6fc751eefcaeec1d5e9e637f9a69d47b3e859f41bc2a46e7f09e86c69a07256ee7 BibleThump"}, {"text": "@0552f321c9c31af2208f875cfa86ca5e4ea91ae79a5d33efac6ce39580d10a6fc751eefcaeec1d5e9e637f9a69d47b3e859f41bc2a46e7f09e86c69a07256ee7 makari na tous gamhsoume exeis eishthria na pas?"}, {"text": "@0552f321c9c31af2208f875cfa86ca5e4ea91ae79a5d33efac6ce39580d10a6fc751eefcaeec1d5e9e637f9a69d47b3e859f41bc2a46e7f09e86c69a07256ee7 pog gamame euraious an kai fobamai gt mas eixan 2-0"}, {"text": "Tha pas ghpedo?"}, {"text": "@0552f321c9c31af2208f875cfa86ca5e4ea91ae79a5d33efac6ce39580d10a6fc751eefcaeec1d5e9e637f9a69d47b3e859f41bc2a46e7f09e86c69a07256ee7 tha einai o ataman h oxi?"}, {"text": "@0552f321c9c31af2208f875cfa86ca5e4ea91ae79a5d33efac6ce39580d10a6fc751eefcaeec1d5e9e637f9a69d47b3e859f41bc2a46e7f09e86c69a07256ee7 aurio me sultan ataman sto timoni h omada?"}, {"text": "FAX"}, {"text": "Xaxaxaxaxaxaxaxaxax"}, {"text": "Axxaxaxaaxaxaxaxaxxaxaxax"}, {"text": "Xaxaxaxaxaxaxaxaxax"}, {"text": "Mas kerdise o arhs btw 2-0 tote"}, {"text": "Xaxaxaxaxaxaxaxaxaxax"}, {"text": "Xaaaxaxaxaxaxaxaxaxa"}, {"text": "Xaxaxaxaxaxaxaxaxaxaxaxax"}, {"text": "Xaxxaxaaxaxaxaaxax"}, {"text": "Axaxaxxaxaxaxaxaxax"}, {"text": "Xaxxaaxaxaxaxaxaxaxaxa"}, {"text": "O MEGALUTEROS KOLUMBHTHS EINAI O GARCIA TIS KALUTERES BOUTIES KANEI @4b1bc8d4e2a21b7971ca38558e2eb9a442c2c57d0f290d78d3ea0af36d5815faef505ab5a6e193f1c4bd9f09866c3b8d615fccbe5a7c4ed4823a0a6ec11332b9"}, {"text": "Xaxaxaxaxaxaxaxax"}, {"text": "Xaxaxaxaxxaxaxaxa"}, {"text": "@7476860806e0fb83e42ab6717409836610f767ffa572c3a6ca7ff02a443d91b80fc4191e9eefc06cba5e64f6b152b6aa47e4bb9767468bc8883da98e95032e31 e mporei na ekane 7 den tha eixe megalh diafora to na baleis 700 goal sta 16 xronwn einai insane"}, {"text": "@7476860806e0fb83e42ab6717409836610f767ffa572c3a6ca7ff02a443d91b80fc4191e9eefc06cba5e64f6b152b6aa47e4bb9767468bc8883da98e95032e31 uperaksia den einai man o mikros exei 700 goal"}, {"text": "@6b20a3e9bc2c915513041a48ff04329c06ebded108f6666861071c8875b40eedbfcdfb7dbe2b9350d656b8f8e7277b74d0ef02080a79657d1b610d8f0e81aa1c makari bro ama paizate me porto tha trwgate 3 sto hmixrono h milan ekane 2-2 katalathos sto 93"}, {"text": "@6b20a3e9bc2c915513041a48ff04329c06ebded108f6666861071c8875b40eedbfcdfb7dbe2b9350d656b8f8e7277b74d0ef02080a79657d1b610d8f0e81aa1c ama eides ta semi finals h porto einai polu kaluterh omada apo thn milan exete elpides katalathos perasan"}, {"text": "Kane to allo na dinei o mod access gia link @5c230709c1965da0eb3cbdfe13494d1969f8a45a264fc4c760d556ffbf860ec17f7667e461cbc835dc32f452134d7b5e44c6182ad13ca9ae951b2af43500aa4a"}, {"text": "Ontws einai dwro h milan einai polu xeiroterh apo thn porto exete perissoteres elpides @5c230709c1965da0eb3cbdfe13494d1969f8a45a264fc4c760d556ffbf860ec17f7667e461cbc835dc32f452134d7b5e44c6182ad13ca9ae951b2af43500aa4a"}, {"text": "@5c230709c1965da0eb3cbdfe13494d1969f8a45a264fc4c760d556ffbf860ec17f7667e461cbc835dc32f452134d7b5e44c6182ad13ca9ae951b2af43500aa4a poso highrollaran oi mikroi pou paizoun me milan kai oxi porto"}]}