{"data": [{"text": "wp @823ba18094a20cd32cb37d53839b937ac5df8c9c73464f61600bbe33a0fef5b3e2426dc8918087c2fc26427efad41e24376fdd63ce797d8bdfc333b9551ec405"}, {"text": "@b6f61a322bcd7db677ea129a6cb946b24f32bc02d6c2bb8c10ed8c25d8401d8a07919f56b45e4c1cbcb8dd7208a8136450171d8a0f9aaa098c052ff66106da79 mexri 5h 6h season etsi itane ante kai 7h alla twra eidika einai gtp..kai west p eimai egw gamise ta einai"}, {"text": "@b6f61a322bcd7db677ea129a6cb946b24f32bc02d6c2bb8c10ed8c25d8401d8a07919f56b45e4c1cbcb8dd7208a8136450171d8a0f9aaa098c052ff66106da79 apo iron mexri chall einai toxic oso dn paei pleon"}, {"text": "tin exw patisei vs gwen polles fores ;p"}, {"text": "gwen*"}, {"text": "to nous sas giati to gowen kouvalaei mono tou late"}]}