{"data": [{"text": "PWPWPW"}, {"text": "MAKARI 5"}, {"text": "GT FIMIZETE GIA THN EPI8ESH O GAUROS KEKW"}, {"text": "TPT KEKW"}, {"text": "INSTAGRAM REELS BETTER"}, {"text": "???????????"}, {"text": "tslNapoli"}, {"text": "Kappa"}, {"text": "?"}, {"text": "NBA ResidentSleeper ResidentSleeper"}, {"text": "????"}, {"text": "HOT"}, {"text": "KARAGIOZIDES"}, {"text": "tslElenh"}, {"text": "tslFIXED tslFIXED tslFIXED tslFIXED tslFIXED"}, {"text": "KEKW"}, {"text": "tslMID tslMID tslMID tslMID tslMID"}, {"text": "GOAT"}, {"text": "GAMIAS O AMRABAT"}, {"text": "FAX"}, {"text": "A KALA PATWNETE POUTANES"}, {"text": "NA KAI O KARAGKIOZHS"}, {"text": "TERASTIOS GAMIAS"}, {"text": "MONO OI AEKTZIDES EXOUME MUALLO"}, {"text": "GAMIETAI TO LIMANI"}, {"text": "FAX"}, {"text": "PROFANWS KAI DEN HTAN"}, {"text": "TSILIS O KURIOS PARAMU8AS"}, {"text": "GAUROI POUTANES"}, {"text": "POUTSA"}, {"text": "SE GAMHSE TSILI?"}, {"text": "\u03a0\u0391\u039f\u039a \u0391\u03a1\u0397\u03a3 0-0 \u03a0\u03a1\u03a9\u03a4\u039f\u03a3 \u0393\u03a5\u03a1\u039f\u03a3 \u0395\u039b\u039b\u0397\u039d\u0395\u03a3 \u0394\u0399\u0391\u0399\u03a4\u0397\u03a4\u0395\u03a3 @ffc024cd16e35f3edc97aa52074bd1eddd6148a99c70808ca67be4ecac5427bdb044f86dc06e480940402fe0c284c8d9a2ffda96a30d01733421ca7c3321d213"}, {"text": "EGINE KAI O TSILIS ANTIKEIMENIKOS AXXAXAXAXAXXAXA"}, {"text": "XAXAXAXA"}, {"text": "KOUGIAS ALLOS CLOWN APO KEI"}, {"text": "AXAX PES TA GAMIA"}, {"text": "MAS SFAZAN SE KA8E PAIXNIDI"}, {"text": "@e32a8604521b48d1a5d8a6d140245dcdf37ebf1775955d73dfdae3be8bc80c79d5976a139593d4cc098f3adcca4aa35373a8ec9d48ff4f41618dd892c26e3cd7 O TSILIS PREPEI NA KOPEI"}, {"text": "FAX"}, {"text": "ASE RE KARAFLA"}, {"text": "NAI RE PARALIGO PENALTY"}, {"text": "KEKW"}, {"text": "PES TA RE GAMIA"}, {"text": "PALI MLKIES LES TIESELETO"}, {"text": "TIESELETO GT DEN EBALES 1500 STHN LIVE ANATROPA RE? @ffc024cd16e35f3edc97aa52074bd1eddd6148a99c70808ca67be4ecac5427bdb044f86dc06e480940402fe0c284c8d9a2ffda96a30d01733421ca7c3321d213"}, {"text": "PES TA RE GAMIA CHUBA"}, {"text": "RIP"}, {"text": "SFAGH"}, {"text": "AS PAIZANE KALUTERA!!!! H AEK HTAN DEMON 2O HMIXRONO"}, {"text": "PAOK ARHS ? 1H AGWNISTIKH"}, {"text": "1"}, {"text": "GT NA MHN XASOUME RE TIESELETO? AFOU DEN PAIZAME"}, {"text": "SKASE"}, {"text": "tsapou"}]}