{"data": [{"text": "N"}, {"text": "Xaxaxaxaxa"}, {"text": "@3985c8533352e33e798d148f2fada446de098be7f24dc424918472805f3aa46fa974bed6cd914bb0e5e54f1554555dbc0434fa3259949388ba43535a520b833a sto insta to exeis toumpioths Kai grafeis Gia thn paokara?"}, {"text": "@3985c8533352e33e798d148f2fada446de098be7f24dc424918472805f3aa46fa974bed6cd914bb0e5e54f1554555dbc0434fa3259949388ba43535a520b833a eisai o gnwstos apo to insta?"}, {"text": "Yt shorts clear"}, {"text": "Na kleisei to mppurdelo"}, {"text": "??????"}, {"text": "Panta sto 98"}, {"text": "Milhmeno?"}, {"text": "Xaxa"}, {"text": "Megalh juve"}, {"text": "X2"}]}