{"data": [{"text": "uparxei pic pou deixnei oti i mpalaa exei perasei!"}, {"text": "mou kanei tromeri entupwsi oti o fnb den exei mpei sto call na pei gia ton iwannidi akomaa"}, {"text": "XAXAXAXAXAXAXAXAXA \udb40\udc00"}, {"text": "XAXAXAXAXAXAXAXAXA"}, {"text": "XAXAXAXAXAXAXAXAXA \udb40\udc00"}, {"text": "XAXAXAXAXAXAXAXAXA"}, {"text": "megathirio o ajax pou efage 6!"}, {"text": "XAXAXAXAXAXAXAAXA"}, {"text": "kaki omada i fener!@"}, {"text": "FAX \udb40\udc00"}, {"text": "FAX"}, {"text": "o 48os prwtathlitis tou ellinikou prwtathlitikos"}, {"text": "AAXAXAXAXAX"}, {"text": "FAX"}, {"text": "XAXAXAXAXAXAXAXA"}, {"text": "XAXAXAXAXAXAXAXA \udb40\udc00"}, {"text": "XAXAXAXAXAXAXAXA"}, {"text": "afou itan"}, {"text": "\ud83d\udd34 \u26aa tslTrain \ud83d\udd1c 48 \ud83c\udfc6"}, {"text": "NTROPH SOU"}, {"text": "PALI PSEMATA LEEI"}, {"text": "\ud83d\udd34 \u26aa tslTrain \ud83d\udd1c 48 \ud83c\udfc6 \udb40\udc00"}, {"text": "\ud83d\udd34 \u26aa tslTrain \ud83d\udd1c 48 \ud83c\udfc6"}, {"text": "XAXAXAXAXAXAXAXA"}, {"text": "o koulierakis 3 metra 200 kila den ftanei se sprint ton navarro k ton sprwxnei apo pisw KEKW"}, {"text": "XAXAXAXAXAXAXAXA"}, {"text": "XAXAXAXAXAXAXA"}, {"text": "XAXAXAXAXAXAXAXAXA"}, {"text": "bgikane oi aextsides na poun filiko to olympiakos paok gelaw dunataa!"}, {"text": "me ta 2a paizame KEKW"}, {"text": "XAXAAXXAXAXAXAXA"}, {"text": "pige sto 85 gia na anebei ligo i apodosi kathws sto 1-0 itan sto 1.80!"}, {"text": "EINAI NTROPH AGIES MERES"}, {"text": "EINAI NTROPH"}, {"text": "NTROPH"}, {"text": "NTROPH SOU"}, {"text": "XAXAXAXAXAXAXA"}, {"text": "apo 1 turopita tou edwse k 1 mpougatsa Pog"}, {"text": "XCAXAXAXAXAXAXA"}, {"text": "pwpw delulu"}, {"text": "exei perms KEKW"}, {"text": "????????"}, {"text": "exei perms bre mlk edw k poso kairo"}, {"text": "ebale i cosmote to match"}, {"text": "KEKW"}, {"text": "argisan na bgoune sto 2o hmix gia na kanonisoun pws na ginei i anatropa, o rose itan o entetalmenos gia na kanei ta lathi k na ginei i anatropa k to score me 1-0 i apodosi tou 2 itan to 1.80..to ekane k o rapto expose"}, {"text": "O MAINOO TA PASTELWNEI STIN MIKRH LOSERPOOL"}, {"text": "DEN MASAME APO BUDGET THA TOUS GAMHSOUME! O LY MPIAKOS"}, {"text": "1.15 million"}, {"text": "entwmetaksu na poume oti o terastios arxhgos mas panagiwtis retsos ekane malakia xtes k fagame to goal KEKW"}, {"text": "DEN MASAME EIMASTE OLYMPIAKOS! O LY MPIAKOS O LY MPIAKOS \udb40\udc00"}, {"text": "DEN MASAME EIMASTE OLYMPIAKOS! O LY MPIAKOS O LY MPIAKOS"}, {"text": "oxi"}, {"text": "ela"}, {"text": "@ffc024cd16e35f3edc97aa52074bd1eddd6148a99c70808ca67be4ecac5427bdb044f86dc06e480940402fe0c284c8d9a2ffda96a30d01733421ca7c3321d213 https://www.sport24.gr/football/stoiximan-super-league-oi-diaitites-tis-ektis-agonistikis-ton-playoffs.10303321.html"}, {"text": "XAXAXAXAXAXAXA"}, {"text": "KLAPSE"}, {"text": "SKASE MWRH"}]}