{"data": [{"text": "nai re sapios"}, {"text": "??"}, {"text": "nai alla se kana eikosalepto dn tha peftei"}, {"text": "o zak genika early  einai kakos psilo kaloutsika paizei"}, {"text": "gg"}, {"text": "Outplayed"}, {"text": "Na akolouthei texnikh forgiven, olous report"}, {"text": "AHAHAHAHAHAHAHAHAHAHHAHAA APOEL"}, {"text": "o Asman leei hahahahahahahahahahahahhaaha"}, {"text": "o Ali"}, {"text": "Aahahahahha o abdul"}, {"text": "Nai?"}, {"text": "ekane 0/8 o tsigkas? :')"}, {"text": "Kainourio acc"}, {"text": "Tsigka kai file tsigka epaija provs mpas kai dw prokoph k en telei pali bronze III me petaje"}, {"text": "HAHAHAHAHAHAH"}, {"text": "akouga champs p dn vlepw edw in game kai lew ti skata paraisthiseis exw?"}, {"text": "aaaa maista den hjera"}, {"text": "Re magkes o allos gia ti ston poutso milaei? monos tou?"}]}