{"data": [{"text": "Kappa"}, {"text": "ya aramaki eisai tsiga"}, {"text": "tsiga mi koitas chat"}, {"text": "san na mai nosokomeio niwthw"}, {"text": "po po ti wraia i kotosoupaaa"}, {"text": "ResidentSleeper"}, {"text": "les yauto?"}, {"text": "kai ksanampika"}, {"text": "kai eixa vgei"}, {"text": "eixa ksanampei"}, {"text": "nai"}, {"text": "kai de mporw na patisw kai acceptta terms"}, {"text": "yati"}, {"text": "enw exw mpei se auto ton server de to pianei re bro"}, {"text": "tsiga"}, {"text": "2' bets are open"}, {"text": "alloi flexaroune skins o tsigas flexarei spitia"}, {"text": "oi misoi irthan apo diok"}, {"text": "yauto exoume ligo kosmo"}, {"text": "!taser"}, {"text": "ya arrwstos gamaei"}, {"text": "trws oikeiothelws kotosoupa e"}, {"text": "proteinw unmod"}, {"text": "pou einai o apoellaras"}, {"text": "j0j0cKiss"}, {"text": "ya arxh kopse tis malakies LUL"}, {"text": "KALISPERA APO DIOK ERXOMASTE"}, {"text": "XAXAXXAXA"}, {"text": "xaaxxaxaxa"}, {"text": "acxaaxax"}, {"text": "an eisai filos kanto esi tsiga"}, {"text": "den eimai egw sto disc o aderfos mou einai"}, {"text": "ti einai stampou exeis kanena erwtimatologio 30\u2019 pali?"}, {"text": "wx"}, {"text": "de mas noiazei katholoy CoolStoryBob"}, {"text": "alitheia?"}, {"text": "krima ki adiko"}, {"text": "na mi sas akoune autoi oi simpaixtes sas re paidia"}, {"text": "dikaiologimenos o misthos sou Kappa"}, {"text": "apoellara ti ksereis apo bets"}, {"text": "eklapsa"}, {"text": "xaxaxaxaxaax"}, {"text": "xa"}, {"text": "xaxa"}, {"text": "xaxaxaaxaxxaxa"}, {"text": "isxyei"}, {"text": "xd"}, {"text": "Kappa"}, {"text": "focus"}, {"text": "death"}, {"text": "tsiga mi koitas chat kai pareis kanena eath"}, {"text": "wx wx"}, {"text": "@d706525fa63fe3dab917c9409f78e049b415a5d54af2388f8d1ca1155979fd278c0167e210cf3e8169dabeba9c1f5da521e649b46d1585c067240bf40255b857 tsigas junior"}, {"text": "kalispera diok anoikses streamaki pali?"}, {"text": "^"}, {"text": "xaacaxxa"}, {"text": "200lp"}, {"text": "^"}, {"text": "tsiga poso wrimases se 2 meres Kappa"}, {"text": "CoolStoryBob"}, {"text": "win hyane"}, {"text": "vale deaths"}, {"text": "kai egw ya kathairesi paw"}, {"text": "tsiga vale kanena mod re"}, {"text": "enas mod na dwsei to bet"}, {"text": "katse fae re"}, {"text": "kokkino re"}, {"text": "xaaxxaxaxax"}, {"text": "an exeis kinitro se auti ti zwi"}, {"text": "xaxaxaxa"}, {"text": "okaaay"}, {"text": "ntaksei exoume kalo farm padws"}, {"text": "fadasou"}, {"text": "bravo tsiga"}, {"text": "padws 3 wres meta na sou to dwsoume to mentality"}]}