{"data": [{"text": "\u03b1\u03c7\u03c7\u03b1\u03c7\u03b1\u03c7\u03b1\u03c7\u03b1\u03c7\u03b1\u03b1\u03c7\u03b1\u03c7"}, {"text": "@146b915b6e2d2b3749ad2fc8f8705d3baf03150b28b69094f4bb10d351d1fe3ac7965bba5b8e3d5fa159834b763f5984279ecc609280780e824673bccb81ba19 tslElenh"}, {"text": "tslBaggelas tslR  tslBaggelas tslR  tslBaggelas tslR"}, {"text": "tslBaggelas"}, {"text": "cap"}, {"text": "re gkasmades xanoumia afou oloi kserame oti an den to bazate sto 84 8a pernate mpenal sto 90+"}, {"text": "cap"}, {"text": "D:"}, {"text": "TriHard ?"}, {"text": "D:"}, {"text": "hraklhs?"}, {"text": "FAX"}, {"text": "o7"}]}