{"data": [{"text": "w re amuna o brook"}, {"text": "oxi"}, {"text": "@ffc024cd16e35f3edc97aa52074bd1eddd6148a99c70808ca67be4ecac5427bdb044f86dc06e480940402fe0c284c8d9a2ffda96a30d01733421ca7c3321d213 OUTE THN BALA DEN 8A AGGIXEIS RE KAKOMOIRH"}, {"text": "xekinhsame pali tis malakies"}, {"text": "XODROBALAS"}, {"text": "@ffc024cd16e35f3edc97aa52074bd1eddd6148a99c70808ca67be4ecac5427bdb044f86dc06e480940402fe0c284c8d9a2ffda96a30d01733421ca7c3321d213 TI BASKET AFOU AVRIO EXEI EUROLEAGUE"}, {"text": "XAXAXAXAXA"}, {"text": "EKEI EKEI STHN B ETHNIKH"}, {"text": "TPT"}, {"text": "O PINEZAS"}, {"text": "@ffc024cd16e35f3edc97aa52074bd1eddd6148a99c70808ca67be4ecac5427bdb044f86dc06e480940402fe0c284c8d9a2ffda96a30d01733421ca7c3321d213 MHN TON AGORASEI O VAGGELAS K AYTON"}]}