{"data": [{"text": "TPT DEN HTAN RE AM"}, {"text": "INSTAGRAM REELS >>>>>>>>>>>>>>. ALL"}, {"text": "MAKARI NA KLEISEI"}, {"text": "irrelevant"}, {"text": "NBA= ResidentSleeper ResidentSleeper ResidentSleeper"}, {"text": "ResidentSleeper ResidentSleeper ResidentSleeper ResidentSleeper NBA"}, {"text": "ResidentSleeper ResidentSleeper ResidentSleeper ResidentSleeper ResidentSleeper ResidentSleeper ResidentSleeper"}, {"text": "ResidentSleeper ResidentSleeper ResidentSleeper ResidentSleeper ResidentSleeper ResidentSleeper ResidentSleeper ResidentSleeper ResidentSleeper"}, {"text": "Nba  ResidentSleeper"}, {"text": "BORING"}, {"text": "MID"}, {"text": "TPT"}, {"text": "GOAT KOUGIAS"}, {"text": "POIOS STON POUTSO ASXOLEITAI SOVARA  ME RAPTO EN ETH 2024?"}]}