{"data": [{"text": "@1b4f0fbb949b80d3564af3586617b6d145181269458ac059147b9874530f1c0758fec181b7aa2ce2fe97f5a5db68b4dfa4f5f69e69ce10e4e3ce9d123a13d398 epeidh htan apo pleyra ths italias htan pagos alla gnk eixe toso kosmo kai zesth p nomiizes oti eisai diakopes"}, {"text": "pare magio an ertheis"}, {"text": "LUL"}, {"text": "re exei apisteyth zesth"}, {"text": "phga"}, {"text": "Kai mon repo"}, {"text": "LUL"}, {"text": "ekana to prwto mpanio kontogyallos!!"}, {"text": "@80400d187d0d02e0acd2d3b8d1421eb58d86ddd93f0a65d21bd4fb6ec51d84a97f263c75d2ed935d6011c7bec50a95deba3cbfef11f172a4f0ec45a77932bbaa nai alla meta ths eksetastikh"}, {"text": "!followage"}, {"text": "@80400d187d0d02e0acd2d3b8d1421eb58d86ddd93f0a65d21bd4fb6ec51d84a97f263c75d2ed935d6011c7bec50a95deba3cbfef11f172a4f0ec45a77932bbaa se bar mallon , service"}, {"text": "eyeyeye"}, {"text": "nai gt meta season corfu"}, {"text": "axaxax"}, {"text": "stous dikous oy"}, {"text": "larissa"}, {"text": "mia tha fygw gia pasxa :(("}, {"text": "ta alla ta exei ola"}, {"text": "mono agora gia pswnia den exei"}, {"text": "ekei einai to panepisthmio"}, {"text": "XAAXAXAX"}, {"text": "LUL"}, {"text": "@bdf29efc668f0ace62edf0580935a57c11aa9220972d904f6aeaa5a260297264e917c7ba380d2af1c2e99796683e9cc83a7c35a29313f2ae1fee3030a2ca64b6 ti ennoeis kanw mathima mesa sto psixiatreio"}, {"text": "pleon p eimai monimos katoikos kerkyras ,exw na pw oti to nhsaki sas einai toso chill kai omorfooo"}, {"text": "Corfu?"}]}