{"data": [{"text": "mugi paizw edpi 60 to idio me to IQ mou"}, {"text": "E=mC2 + dpi x sens /2"}, {"text": "!sense"}, {"text": "to pio wraio stream itan tote pou anoikse to night market xruses epoxes"}, {"text": "neon paizw me levie taxititwn mono"}, {"text": "legit thimamai auto to meme me tin myga sto dc otan vlepw mygi kai gelaw"}, {"text": "egw den exw kan oute mia othoni vlepw twitch apo mia petra"}, {"text": "reels nai ama den exw ti na kanw, alla protimo YT"}, {"text": "1"}, {"text": "den exw kinezika apps unlucky"}, {"text": "D:"}, {"text": "unlucky"}]}