{"data": [{"text": "eeeeeeee"}, {"text": "ksekinisa apo to 0"}, {"text": "milionair"}, {"text": "oooooooo"}, {"text": "sto kalo sou"}, {"text": "!razer"}, {"text": "!RAZAR"}, {"text": "XAXA"}, {"text": "EXEI KIALO ACC"}, {"text": "XAXAXAXAAX"}, {"text": "vs massina eisai tsiga"}, {"text": "tsigas vs j0j0"}, {"text": "vs j0j0 eisai"}, {"text": "oooooooo"}, {"text": "ekei kerdize ena aa"}, {"text": "kai eixe flash apo"}, {"text": "ena"}, {"text": "ena aa"}, {"text": "den den elikse"}, {"text": "gia ena a"}, {"text": "bro"}, {"text": "AXAXAAX"}, {"text": "to pontikiiii"}, {"text": "tsigaaaaaas"}, {"text": "ante ta leme re"}, {"text": "ok"}, {"text": "1000lvl XAXAXAAX"}, {"text": "100 max"}, {"text": "kerdize alo ena aa"}, {"text": "ekei and ekane flash panw"}, {"text": "vtw twitch flash up"}, {"text": "ekei ligate gia plaka"}, {"text": "waht"}, {"text": "adinaton"}, {"text": "ti egine twra"}, {"text": "wtf"}, {"text": "sto master ola pithana einai"}, {"text": "gia to game"}, {"text": "exeis gapari full to mid"}, {"text": "pos ginete afto"}, {"text": "bro 50 50 einia na to paris"}, {"text": "expose"}, {"text": "oooo"}, {"text": "poios nikaei'"}, {"text": "esei vs tsigas"}, {"text": "ginete snipe"}, {"text": "e d1ok"}, {"text": "paizw gamaki giauto den grafw kai poli"}, {"text": "winble einai"}, {"text": "akal"}, {"text": "grand challenger god"}, {"text": "esei ti eisai"}, {"text": "an einai challenger aftos"}, {"text": "prepi na gini kati me autoyus tous paixtes"}, {"text": "bro"}, {"text": "gia auto"}, {"text": "kai exasa 1lvl"}, {"text": "gnwmi pou paixw mid kai to wave nou freezare telia kai to jg mou pushare"}, {"text": "xaxa"}, {"text": "AXXAXA"}, {"text": "gkrinia pou tha exei ekei"}, {"text": "esei tsigas"}, {"text": "skepsou na eiste stin idia competitive omada"}, {"text": "AXXAXA"}, {"text": "xaxaxaxaxa"}, {"text": "opa"}, {"text": "ox"}, {"text": "yea"}, {"text": "gnwmi pou exw diplo stream anixta"}, {"text": "i goodgal nmz to eixe pistepsi"}, {"text": "nai re"}, {"text": "na katalavi"}, {"text": "pun1sherjr pestou"}, {"text": "pes tou tsiga thimate pou legame sto stream oti imaste ksaderfia"}, {"text": "AXXAAX"}, {"text": "xaxaxaa"}, {"text": "a"}, {"text": "is ok"}, {"text": "tha nikisis to next"}, {"text": "ellados"}, {"text": "d1ok i allios caps tis allados"}, {"text": "XAXA"}, {"text": "XAXAAX"}, {"text": "?"}, {"text": "pou tous krazis olous"}, {"text": "tha nikisis ta epomena"}, {"text": "is ok"}, {"text": "se esena to ipe o tsigas afto?"}, {"text": "kati san tou d1ok ta games"}, {"text": "ta perisotera games eixa thetika score kai ta exana"}, {"text": "ponokefalos bro"}, {"text": "y"}, {"text": "emerald elo"}, {"text": "swto egw xthes epeksa 12 games gia 50lp"}, {"text": "y"}, {"text": "afto ftiaxni apo to emerald kai panw"}, {"text": "tha xanis 30 sigoura"}, {"text": "an eisai bronze kai pernis 12"}, {"text": "oxi re"}, {"text": "ok"}, {"text": "kai posa xanis?"}, {"text": "allo acc fast"}, {"text": "HAHAHAHA"}, {"text": "ti leei"}, {"text": "kalhspera"}, {"text": "ela swto"}, {"text": "d1ok pou eisai filaraki"}, {"text": "kalhspera"}, {"text": "bets up"}, {"text": "@824eb5938981ae25d3fab58c8c2fed120082f16dd6f2f856bf7e3637378692a84a33ccfaed0e6ae08a9c88375ffeded886fdf8d30a192bde020f79a1e654fe66 XXAXAXAA"}, {"text": "@306a162890a1fc823b54a18bd01fb5f2de3c19f1dc6872fc23a2d837c1f3dc658b5e0503c94db74d85f09196d43e0b8ece2233f035b8318cf3a4103cf73a14b6 ok"}, {"text": "XAXA"}, {"text": "16"}, {"text": "swto ti elo ?"}, {"text": "swto pou se filaraki"}, {"text": "[message] https://www.youtube.com/watch?v=mic9vbR4p7E"}, {"text": "E TSIGA NA BALW PIN TO yt?"}, {"text": "XAAXXAXAAXXA"}, {"text": "kanonika i perisoteri sto master twra tha eprepe na einai platinum"}, {"text": "nai re"}, {"text": "apla anebike poli to boost"}, {"text": "true"}, {"text": "an den theloun na tryhardaroun tha to trexoun"}, {"text": "@bd02fe873960a5fa43d88174fbc7ef789cdb0a120eb5a050966c4e1ad12e41d2e370803aad66440986a3834386c29a82506902f00eec773fb9205e6a032a8604 nai re epidi einai duo eno an ise mono s den se poli noiazi"}, {"text": "me zyra skepsou"}, {"text": "nai"}, {"text": "XAXA"}, {"text": "@dbbc9be68db420732652a14947d2c292420648aefb7113c6c353869be5cf8bbada0d71f512963c5fcf5c7d15ff6bd6a6f3d28a62d0f8a871b9a3f3fc9acba6a7 einai master den ginete na paixi duo"}, {"text": "an iste same team"}, {"text": "@824eb5938981ae25d3fab58c8c2fed120082f16dd6f2f856bf7e3637378692a84a33ccfaed0e6ae08a9c88375ffeded886fdf8d30a192bde020f79a1e654fe66 an kanis snipe to next  bazw 100K points sto win"}, {"text": "winnble einia"}, {"text": "aston"}, {"text": "min tou grafis"}, {"text": "XAXAXAXA"}, {"text": "to master elo einai me diafora to xirotero aftin ti stigmi bro"}, {"text": "tsiga na kanw pin to YT?"}, {"text": "an pigens pethenes"}, {"text": "oxi"}, {"text": "kai pirate flash twitch"}, {"text": "toulaxiston bgeni mprosta i kata"}, {"text": "lol"}, {"text": "gia panta"}, {"text": "auto einai to lol"}, {"text": "xaxxaxa"}, {"text": "outos i allos eblepa oloi mera tsiga"}, {"text": "oxi re bro"}, {"text": "XAXAXAAX"}, {"text": "te=wra kathe game bets"}, {"text": "y"}, {"text": "to last btw den dosate ta podakia"}, {"text": "na balw next ?"}, {"text": "ok"}, {"text": "katse a me kani"}, {"text": "XAXAXA"}, {"text": "eei"}, {"text": "AXXAXAXA"}, {"text": "XAXAXA"}, {"text": "y"}, {"text": "twra irhe sk"}, {"text": "mia bdomada emine"}, {"text": "les?"}, {"text": "tsiga akne me mod an thes na bazw bets"}, {"text": "xaxaxaax"}, {"text": "good mono esei eisai"}, {"text": "?"}, {"text": "TA IDA TA GAMES"}, {"text": "RE BRO OMOS TON GRIEFAROUN"}, {"text": "XAAXXAAX"}, {"text": "ok"}, {"text": "gia fdes"}, {"text": "i dragons den"}, {"text": "y"}, {"text": "boom kai boom"}, {"text": "me ta amaxia ekso"}, {"text": "i stteam snipers"}, {"text": "kita"}, {"text": "epeza game kai stamtise to straem"}, {"text": "den akouga"}, {"text": "kai egw leo ti egine"}]}