{"data": [{"text": "thresh g0d"}, {"text": "DWSE ANASTASIA"}, {"text": "blows"}, {"text": "den itan enough"}, {"text": "18 kills droppara me kaisa"}, {"text": "yy"}, {"text": "einai bugged to probuilds gamw den borw na dw ti pane"}, {"text": "meta apo auta?"}, {"text": "kraken navori?"}, {"text": "ad kaisa ti build paw?"}, {"text": "full kalo"}, {"text": "full playable"}, {"text": "oxi re ti dodge"}, {"text": "pou den polyabusaroun"}, {"text": "eidika se auto to elo"}, {"text": "den prepei na einai poly kako to champ"}, {"text": "etsi tha paei to rotation"}, {"text": "se sona se yuumi"}, {"text": "apo janna se neeko"}, {"text": "CAP"}, {"text": "winnersq incoming"}, {"text": "kerdisa sertuss apo smurf acc me 100 lp midlaner perma diamond"}, {"text": "okok"}, {"text": "h eisai chillings"}, {"text": "eimaste gia kana callaki les?"}, {"text": "zzz"}, {"text": "pws?"}, {"text": "kalimera btw"}, {"text": "poios einai h camille?"}]}