{"data": [{"text": "KLEISE TO AMEA"}, {"text": "??????????????????????????/"}, {"text": "?????????????????????"}, {"text": "??????????????????????"}, {"text": "@e6864f9f8a62167eed7e9579a50f6eac7d09d8cb901b133694af539589b7c09f429fa8a41735651181f98b83c289b713956b7a886072ead92686ff0a520f73e1 oti agapas re vromiarimoule"}, {"text": "\u03c9\u03c2 \u03a5\u0393\u0399\u0397\u03a3 \u0391\u03c1\u03b5\u03b9\u03b1\u03bd\u03bf\u03c2, \u03c0\u03b1\u03bd\u03b7\u03b3\u03c5\u03c1\u03b9\u03c3\u03b1 \u03c4\u03b7\u03bd \u03bd\u03b9\u03ba\u03b7 \u03c4\u03b7\u03c2 \u03b1\u03b5\u03ba"}]}