{"data": [{"text": "tipota 5 euro sto ...."}, {"text": "aaaaa"}, {"text": "POSO EXEI ?"}, {"text": "koutoulidi"}, {"text": "auto mou to elege i mana mou :("}, {"text": "aaa fasina day ? @a7542b6a8d7b9ead350758557c4db5bf21a8ec0e88e1ec0c3414b6c1896d0b0f5324fd3dda5f1058d6ee1697077b26a99fdfa01f8abd629c811b96212b58d283"}, {"text": "na akousoume kazanaki oxi flories omos"}, {"text": "den iparxo re malaka"}, {"text": "pes mou pos se pira palli thl otan eisoun sto coke ....?????????"}, {"text": "+1 KIDDING"}, {"text": "edo simera skoni apo afriki kai krio asta na pane"}, {"text": "@823bb909f8e7f18a9a49e01d3c01b1a903eb6ec2bb25f88049b641ba03b2bd4b99bfbe23928b94e271f396dc12a8bafd76451ff84503b075ff48a82d45cbcfff santorini"}, {"text": "nai alla eseis exete ena terastio gremo pou ton exete kanei marketing advertisment ?"}, {"text": "kano 311 kano distress den erxete kaneis kalo ntopio kai pao sto ems na paro gazes ktlp kai blepo enan giatro eki na kanei tsigaro dipla sto amaksi tou MA TO 8EO ...."}, {"text": "gamo to bleeding .... den prolaba na balo oute bandage re file stamatisi ..."}, {"text": "mou exei lipsi na paro kati na fao kai na sabouriaso"}, {"text": "8a arxiso na perno tsixles gia na kopso to RP"}, {"text": "xeirotero apo to tsigaro exei katantisi to RP"}, {"text": "14 oritses xalara giati den eimaste e8ismeni KAI FENETE"}]}