{"data": [{"text": "an trwme autofill den einai epitrepto?"}, {"text": "egw tha pw oti einai ksante v2"}, {"text": "kai otan faei nerf trwne -200 lp se 2 meres"}, {"text": "skarneraki to paiksame h akoma based, abusare to prin vgei proplay"}, {"text": "apla pes oti kaneis cosplay solomindh kai ase ta upoloipa"}, {"text": "den kserw egw net den mporw na paiksw me tipota, profanws an den eixa allh epilogh tha epaiza, alla polu c"}, {"text": "allaksame thesh gia to feng sui?"}, {"text": "kalhmera"}, {"text": "XAVI OUT"}]}