{"data": [{"text": "\u03ba\u03b1\u03b9 \u03bc\u03c0\u03c1\u03b5\u03c3\u03c4 \u03bc\u03bf\u03bd\u03b1\u03ba\u03bf \u03b5\u03b9\u03c7\u03b5 \u03be\u03c5\u03bb\u03bf @ffc024cd16e35f3edc97aa52074bd1eddd6148a99c70808ca67be4ecac5427bdb044f86dc06e480940402fe0c284c8d9a2ffda96a30d01733421ca7c3321d213"}, {"text": "????"}, {"text": "AYTOS POY HTAN PROEDROS SAS ENNOEIS ???"}, {"text": "xaxaxaxaxaxax"}, {"text": "RE KOFTON TI AKOUME"}, {"text": "??????"}, {"text": "XAXAXAXAXXA"}, {"text": "KOPSTON"}, {"text": "SK.IP"}, {"text": "AYTOS PAIZEI NA MIN TO EIDE KAN"}, {"text": "XAXAXAXAXAXAX"}, {"text": "@ffc024cd16e35f3edc97aa52074bd1eddd6148a99c70808ca67be4ecac5427bdb044f86dc06e480940402fe0c284c8d9a2ffda96a30d01733421ca7c3321d213 ektos to PAOK-Aris"}, {"text": "ee den exei se olous aksia"}, {"text": "exei peripoy 5x tin aksia toy olympiakoy, opws exoyn kai oi megales omades tous @ffc024cd16e35f3edc97aa52074bd1eddd6148a99c70808ca67be4ecac5427bdb044f86dc06e480940402fe0c284c8d9a2ffda96a30d01733421ca7c3321d213"}]}