{"data": [{"text": "tha epezes se ANO? o proedros ine filos"}, {"text": "an parouses kai ena zonya"}, {"text": "wraio"}, {"text": "ANO ti eftekse thewreis re ice?"}, {"text": "nai"}, {"text": "ti les re ice"}, {"text": "@7de493e8fe766e0896858456622f1bb32b9134ff2f2b3395c8ebe74fc741a72cafd612ce91e9835050953897a38e29b6fb745af9d50f866e9e713287a3d3829a solomonidh: ua se permeno gia duo h oxi"}, {"text": "@7de493e8fe766e0896858456622f1bb32b9134ff2f2b3395c8ebe74fc741a72cafd612ce91e9835050953897a38e29b6fb745af9d50f866e9e713287a3d3829a solomonidh: ua se permeno gia duo h oxi"}, {"text": "proedro"}, {"text": "solomon avrio eipe"}, {"text": "ARXHGOS JAX"}, {"text": "oxi solomon asto paidi prospathei na anevei"}, {"text": "GOD SOLOMON"}]}