{"data": [{"text": "mporei na to mperdeuw"}, {"text": "nomizw taliya htan sto mid oxi ahri"}, {"text": "giati pisteueis sta throws"}, {"text": "rip"}, {"text": "xymoulh omws panta kryo"}, {"text": "proswpika edw kai kapoia xronia xeimwna kalokairi pinw nero ektos psygeiou"}, {"text": "@6ba84537f9ddf0c2c36e7de06f2ded60dc0e5a4b03c384e94daadb8922c3a30c789838ab119ec112133f12d457b3a30310a57781020e6aff7e085760fcbdf6e4 nai mwre mh skas"}, {"text": "@6ba84537f9ddf0c2c36e7de06f2ded60dc0e5a4b03c384e94daadb8922c3a30c789838ab119ec112133f12d457b3a30310a57781020e6aff7e085760fcbdf6e4 :o"}, {"text": "den tha parekshghthw"}, {"text": "ase na leei oti thelei"}, {"text": "e ti na kanw mwre me ton antrwpo ton exw diorthwsei 2 fores gia to name kai den to allazei, e den peirazei"}, {"text": "agorinissa :p"}, {"text": "egw kserw oti oloi koroideuan kai oi tp xasane, ligo rezili"}, {"text": "@ffb23e60525d9c278af91af5c9dfea324c5c87bc4fc9370098529efc34b21669fd1b4fbf49b254ec75b69941223187c4c4d7086bf14fae096cf67aa5f25f1d69 oxi"}, {"text": ":("}, {"text": "egw den eixa pote gata oute tha exw, to agori mou exei full alergies"}, {"text": "tis klevw"}, {"text": "fwto gatas parakalw"}, {"text": "exw ena ntoulapi gemato"}, {"text": "kai gw ta krataw"}, {"text": "xamos :p"}]}