{"data": [{"text": "kleiste to stream gia na mhn trwte snipe 5Head"}, {"text": "Paparogargara 8es esu twra ownerParrot"}, {"text": ":("}, {"text": "TA ASCII LES?!"}, {"text": "API MID ALISTAR"}, {"text": "\u03a6\u03b5\u03c1\u03b1\u03bc\u03b5 \u03c4\u03b7\u03bd \u03bc\u03bf\u03b4\u03b1 \u03c0\u03c1\u03b9\u03bd \u03c4\u03b7\u03bd \u03bc\u03bf\u03b4\u03b1 EZ"}, {"text": "Main\u03b1\u03c1\u03b1 \u03c4\u03bf\u03bd \u03c0\u03b1\u03bb\u03b9\u03bf Swain @d11232f39ab39f74aeb52e49ccba94d6d881651dc1755cc9347a774f4914f1f565685ab61ded41425242966211d93052ad695a228957298c0bf1830878f81d94 :("}, {"text": "paraligo na perasoume kai ton nasus EZ"}, {"text": "OUTDAMAGE RENATA EZ"}, {"text": "\u039c\u03b7\u03c0\u03c9\u03c2 \u03bd\u03b1 \u03ba\u03b1\u03bd\u03bf\u03c5\u03bc\u03b5 \u03ba\u03b9 \u03b5\u03bc\u03b5\u03b9\u03c2 24\u03c9\u03c1\u03bf inting stream \u03c3\u03b1\u03bd \u03c4\u03bf\u03bd \u03b1\u03bb\u03bb\u03bf \u03c0\u03bf\u03c5 \u03c7\u03b5\u03c2 \u03c3\u03c4\u03b5\u03b9\u03bb\u03b5\u03b9 \u03c3\u03c4\u03bf\u03bd \u03c3\u03b5\u03c1\u03b2\u03b5\u03c1,\u03b7\u03c4\u03b1\u03bd \u03b1\u03ba\u03c1\u03c9\u03c2 \u03b1\u03c0\u03bf\u03bb\u03b1\u03c5\u03c3\u03c4\u03b9\u03ba\u03bf LUL"}, {"text": "oloi perimenane kapoion allo logika"}, {"text": "the killer Pog"}, {"text": "LUL"}, {"text": "thn ebgales ap to 2o q ths ahri kai efage kai 2 apo sas prin pe8anei FeelsOkayMan"}, {"text": "2 assistakia wstoso EZ"}, {"text": "NA MPAINEIS PIO EU8EIA"}, {"text": "PROTOBELT"}, {"text": "LUL"}, {"text": "o hli8ios kai o panhli8ios LUL"}, {"text": "M aresei pantws poy pate mazi LUL"}, {"text": "PROTOBELT \udb40\udc00"}, {"text": "PROTOBELT"}, {"text": "PROTOBELT \udb40\udc00"}, {"text": "PROTOBELT"}, {"text": "\u0394\u03b5\u03bd var\u03b9\u03b5\u03c3\u03b1\u03b9 :("}, {"text": "\u03c0\u03bf\u03c5\u03c4\u03c3\u03bf\u03c6\u03c3\u03bf\u03c5\u03b9\u03c6\u03c4\u03bd\u03b5\u03c2*"}, {"text": "\u03a0\u03bf\u03c5\u03c1\u03c3\u03bf\u03c6\u03c3\u03bf\u03c5\u03b9\u03c6\u03c4\u03bd\u03b5\u03c2"}, {"text": "ownerDead oops"}, {"text": "\u03c0\u03b1\u03bc\u03b5 \u03bd\u03b1 \u03ba\u03b5\u03c1\u03b4\u03b9\u03c3\u03bf\u03c5\u03bc\u03b5 EZ"}, {"text": "refund to bet apo prin monkaS"}, {"text": "refund to bet apo prin monkaS \udb40\udc00"}, {"text": "refund to bet apo prin monkaS"}, {"text": "aftershock antriko"}, {"text": "refund to bet apo prin monkaS"}, {"text": "refund monkaS"}, {"text": "the peipars"}, {"text": "H APXILIOS NA BAZEIS KI ESU KOUTAKI"}, {"text": "PARE EZ"}, {"text": "leipei to xeri xD"}, {"text": "https://clips.twitch.tv/ElegantRichPrariedogCopyThis-uf-sFFHessxWvp3o"}, {"text": "\u03c3\u03bf\u03c5 \u03bb\u03b5\u03b9\u03c0\u03b5 \u03c4\u03bf \u03c7\u03b5\u03c1\u03b9 \u03b5\u03ba\u03b5\u03b9 \u03c0\u03b9\u03c3\u03c9"}, {"text": "\u039a\u039f\u03a5\u039b\u0391\u0394\u0399 LUL"}, {"text": "\u03c0\u03c1\u03b1\u03c3\u03b9\u03bd\u03bf \u03c0\u03b5\u03c1\u03b9\u03b3\u03c1\u03b1\u03bc\u03bc\u03b1 :O ownerPasok"}, {"text": "\u03ba\u03b1\u03c4\u03b9 \u03b5\u03c0\u03b1\u03b8\u03b5 \u03c4\u03bf \u03b3\u03bf\u03bd\u03b1\u03c4\u03bf \u03c3\u03bf\u03c5,\u03c0\u03c1\u03b5\u03c0\u03b5\u03b9 \u03bd\u03b1 \u03c4\u03bf \u03be\u03b1\u03bd\u03b1\u03c6\u03c5\u03c4\u03c1\u03c9\u03c3\u03b5\u03b9\u03c2 TriHard"}, {"text": "\u0391\u03c0\u03b9\u03c3\u03c4\u03bf\u03b9,\u03bd\u03c4\u03c1\u03bf\u03c0\u03b7 \u03bd\u03b1 \u03c7\u03b5\u03c4\u03b5 \u03b1\u03c6\u03b7\u03c3\u03b5\u03b9 \u03bc\u03bf\u03bd\u03b1\u03c7\u03bf \u03c4\u03bf\u03bd \u039b\u03bf\u03c4\u03bf\u03c5\u03c3\u03b9\u03c1\u03bb\u03b7 \u03c3\u03c4\u03b7\u03bd \u03bc\u03b1\u03c7\u03b7"}, {"text": "cgi peak sigma male Keepo"}, {"text": "@d848fb0fd78678bfde989ffea60ccc833bb12575f44e532e550be193f2bb2aad738bac3ee35a299e63953acd45e781cfc5e50a5fbe6aa9e5c6fa3fc34befcf1f \u03bc\u03b5 \u03b5\u03c7\u03b5\u03b9 \u03bc\u03b5\u03b3\u03b1\u03bb\u03c9\u03c3\u03b5\u03b9 \u03c3\u03c4\u03b1 \u03b3\u03bf\u03bd\u03b1\u03c4\u03b1 \u03c4\u03bf\u03c5 \u03bf \u03c0\u03c1\u03bf\u03b5\u03b4\u03c1\u03b1\u03c2 Keepo"}, {"text": "eimai kabouras Keepo"}, {"text": "gia emena panw apo 2k einai ependush"}, {"text": "MPAMPINO EKANA EPENDUSH,AUTO PREPEI NA TO KERDISOUME"}, {"text": "\u03a4\u039f \u03a0\u03a1\u0391\u03a3\u0399\u039d\u039f \u0394\u0395\u039d \u039a\u03a1\u03a5\u0392\u0395\u03a4\u0391\u0399 ownerPasok"}, {"text": "\u039c\u039f\u03a5\u03a3\u0391\u039c\u0391\u03a3\u03a3\u03a3\u03a3\u03a3 ownerSalt"}, {"text": "@d11232f39ab39f74aeb52e49ccba94d6d881651dc1755cc9347a774f4914f1f565685ab61ded41425242966211d93052ad695a228957298c0bf1830878f81d94 greenscreen"}, {"text": "katalabes pws to pe ownerParrot"}, {"text": "miliokas?!"}, {"text": "kolpo htan"}, {"text": "EZ"}, {"text": "\u039a\u03bf\u03c5\u03b2\u03b5\u03bd\u03c4\u03b5\u03c2 \u03c0\u03bf\u03c5 \u03b3\u03b9\u03bd\u03bf\u03bd\u03c4\u03b1\u03b9 \u03b3\u03c5\u03c1\u03c9 \u03b1\u03c0\u03bf \u03b5\u03bd\u03b1 \u03b1\u03c7\u03bd\u03b9\u03c3\u03c4\u03bf \u03c0\u03b1\u03c3\u03c4\u03b9\u03c4\u03c3\u03b9\u03bf \u03bb\u03b5\u03c2 \u03b5\u03c3\u03c5 \u03c4\u03c9\u03c1\u03b1 ownerParrot"}, {"text": "\u03c0\u03c1\u03b9\u03bd \u03c4\u03bf 18 \u03c0\u03bf\u03c5 \u03c0\u03b1\u03c1\u03b1\u03c4\u03b7\u03c3\u03b1 \u03c4\u03bf \u03c1\u03b9\u03c6\u03c4,\u03b1\u03bb\u03bb\u03b1 \u03b1\u03bc\u03b1 \u03b5\u03c7\u03b5\u03b9\u03c2 \u03ba\u03b1\u03bd\u03b1 \u03ba\u03bf\u03c5\u03bb\u03b1\u03b4\u03b9 ad \u03b1\u03c0\u03b5\u03bd\u03b1\u03bd\u03c4\u03b9,\u03b1\u03c0\u03bf\u03b4\u03b5\u03b4\u03b5\u03b9\u03b3\u03bc\u03b5\u03bd\u03b1 \u03b4\u03bf\u03c5\u03bb\u03b5\u03c5\u03b5\u03b9 KEKW"}, {"text": "\u03c6\u03bf\u03c5\u03bb \u03c0\u03b1\u03bb\u03b9\u03b1 \u03b1\u03c5\u03c4\u03bf \u03b2\u03b5\u03b2\u03b1\u03b9\u03b1"}, {"text": "\u03b5\u03b9\u03c7\u03b1 \u03b4\u03b5\u03b9 \u03bc\u03b9\u03b1 \u03c6\u03bf\u03c1\u03b1 \u03b5\u03bd\u03b1 \u03c0\u03c1\u03b7\u03be\u03bf\u03c0\u03bf\u03c5\u03c4\u03c3\u03b9\u03ba\u03bf soraka \u03bc\u03b5 draven,\u03b7 \u03c3\u03bf\u03c1\u03b1\u03ba\u03b1 \u03ba\u03b1\u03b8\u03bf\u03c4\u03b1\u03bd \u03c0\u03b9\u03c3\u03c9 \u03b1\u03c0 \u03c4\u03bf \u03c4\u03b1\u03bf\u03c5\u03b5\u03c1 \u03ba\u03b1\u03b9 \u03c4\u03bf\u03c5 \u03c7\u03b9\u03bb\u03b1\u03c1\u03b5 \u03c4\u03bf poke \u03bc\u03b1\u03c2 \u03ba\u03b9 \u03b1\u03c5\u03c4\u03bf\u03c2 \u03b5\u03c0\u03b1\u03b9\u03c1\u03bd\u03b5 \u03c3\u03bf\u03bb\u03bf xp,\u03b5\u03b3\u03c9 \u03b5\u03b9\u03c7\u03b1 \u03b5\u03bd\u03b1 \u03ba\u03bf\u03c5\u03bb\u03b1\u03b4\u03b9 cait \u03bc\u03b5 \u03b5\u03bc\u03b5\u03bd\u03b1 \u03c3\u03c4\u03bf morgana...\u03c0\u03b7\u03c1\u03b5 \u03c4\u03b9\u03b3\u03ba\u03b1 \u03c3\u03bf\u03bb\u03bf xp \u03ba\u03b1\u03b9 \u03c6\u03b1\u03c1\u03bc \u03c7\u03c9\u03c1\u03b9\u03c2 \u03bd\u03b1 \u03c4\u03b9\u03bc\u03c9\u03c1\u03b5\u03b9\u03c4\u03b1\u03b9 \u03bb\u03bf\u03b3\u03c9 \u03c4\u03b7\u03c2 \u03ba\u03bf\u03c5\u03bb\u03b7\u03c2 \u03ba\u03b1\u03b9 \u03bc\u03b5\u03c4\u03b1 \u03bc\u03b1\u03c2 \u03ba\u03b1\u03c1\u03b1\u03b2\u03b5\u03bb\u03b1\u03be\u03b5"}, {"text": "\u03c7\u0394\u0394\u0394\u0394\u0394"}, {"text": "\u03b1\u03bd \u03b5\u03b9\u03c3\u03b1\u03b9 \u03c3\u03bf\u03bb\u03bf support,\u03ba\u03b1\u03bb\u03bf \u03b5\u03b9\u03bd\u03b1\u03b9 \u03bd\u03b1 \u03c0\u03b1\u03c1\u03b5\u03b9\u03c2 \u03ba\u03b1\u03bd\u03b1 \u03c4\u03b5\u03c4\u03bf\u03b9\u03bf \u03c6\u03bb\u03b5\u03be \u03c0\u03b9\u03ba \u03c3\u03b5 \u03c0\u03b5\u03c1\u03b9\u03c0\u03c4\u03c9\u03c3\u03b7 \u03c0\u03bf\u03c5 \u03bd\u03b1\u03b9 \u03ba\u03bf\u03c5\u03bb\u03b1\u03b4\u03b9 \u03c4\u03bf ad,\u03b1\u03bd \u03b4\u03b5\u03b9\u03c2 \u03bf\u03c4\u03b9 \u03bc\u03c0\u03bf\u03c1\u03b5\u03b9,\u03c4\u03bf\u03c5 \u03c3\u03b5\u03c1\u03b2\u03b9\u03c1\u03b5\u03b9\u03c2 \u03c4\u03b1 kills \u03b1\u03c0\u03bb\u03b1"}, {"text": "\u03a0\u0391\u03a3 \u0391\u03a0\u0399 \u0396\u0395\u03a1\u0391\u0398/\u0391\u039d\u0399\u0392\u0399\u0391/\u0392\u0395\u039b\u039a\u039f\u0396 \u039a\u0391\u0399 \u039a\u0391\u039d\u0395\u0399\u03a3 \u0393\u039f\u03a5\u0391\u039d \u0392\u0395 \u039d\u0391\u0397\u039d"}, {"text": "Mastoria shmera 8eloume mia oikonomiki xari BibleThump"}, {"text": "!rank"}, {"text": "the keirpaz ownerDead"}, {"text": "\u03b3\u03b5\u03bd\u03b9\u03ba\u03b1 \u03bc\u03b1\u03bb\u03b1\u03ba\u03b9\u03c4\u03c3\u03b1 \u03b5\u03b9\u03bd\u03b1\u03b9 \u03bc\u03c0\u03c1\u03bf\u03c3\u03c4\u03b1 \u03c3\u03c4\u03bf \u03a3\u03b5\u03ba\u03b9\u03c1\u03bf EZ"}, {"text": "\u03b5\u03b9\u03bd\u03b1\u03b9 \u03b3\u03b9\u03b1 \u03bd\u03b1 \u03b2\u03b3\u03b5\u03b9 dlc \u03c3\u03b1\u03bd \u03bd\u03b5\u03bf game \u03bc\u03b5\u03c3\u03b1 \u03c3\u03c4\u03bf \u03ba\u03b1\u03bb\u03bf\u03ba\u03b1\u03b9\u03c1\u03b9"}, {"text": "@55f53e188e975aeb772849e3490173a8ef301472e8376b5e0ab1528d345155c80e9945ab48c80422fbc4b2f505816af4e62d22851eae6552c783e89e518c22b3 \u03b5\u03b9\u03c3\u03b1\u03b9 \u03c6\u03b1\u03ba\u03b9\u03bd\u03b3\u03ba \u03c5\u03c0\u03bf\u03c0\u03c4\u03bf\u03c2"}, {"text": "\u03a3\u0395\u039a\u0399\u03a1\u039f\u039f\u039f\u039f\u039f\u039f\u039f\u039f\u039f\u039f\u039f\u039f\u039f\u039f\u039f"}, {"text": "@55f53e188e975aeb772849e3490173a8ef301472e8376b5e0ab1528d345155c80e9945ab48c80422fbc4b2f505816af4e62d22851eae6552c783e89e518c22b3 \u03a3\u0395\u039a\u0399\u03a1\u039f \u039c\u039f\u039d\u039f"}, {"text": "\u03a0\u03b5\u03c1\u03b9\u03bc\u03b5\u03bd\u03bf\u03c5\u03bc\u03b5 \u03bd\u03b1 \u03b4\u03bf\u03c5\u03bc\u03b5 \u03c4\u03bf \u0391\u03c0\u03c7\u03b9\u03bb\u03b9\u03bf\u03c2 \u03c3\u03c4\u03bf \u03b5\u03c0\u03bf\u03bc\u03b5\u03bd\u03bf \u03bc\u03b1\u03c4\u03c2 \u03b3\u03b9\u03b1 \u03c4\u03b7\u03bd \u03c1\u03b5\u03c6\u03b1 FeelsOkayMan"}, {"text": "\u03a0\u03bf\u03b9\u03bf\u03c2 \u03be\u03b5\u03c1\u03b5\u03b9 \u03c4\u03b9 \u03c6\u03c4\u03b5\u03c1\u03bd\u03b5\u03c2 \u03b4\u03b1\u03b3\u03ba\u03c9\u03bd\u03b5 \u03c3\u03c4\u03bf\u03bd \u03c5\u03c0\u03bd\u03bf \u03c4\u03bf\u03c5 KEKWait"}]}