{"data": [{"text": "POUTSA"}, {"text": "AXAXAXXAXAXAXA"}, {"text": "KALA TA LEEI"}, {"text": "VAR VAR"}, {"text": "FAX"}, {"text": "ETSI AKRIVOS EGINE"}, {"text": "FAXX"}, {"text": "FAX"}, {"text": "nai sfagh ths aek"}, {"text": "FAX"}, {"text": "milko cup"}, {"text": "hahahahhahhaha"}, {"text": "8a se klisoun mesa san ton hayate"}, {"text": "kala ta leei"}, {"text": "@2f564bcdd713f73501f43b74e3b60e00fcc53eacb8a6f4117b6bb665bacddd911cbfd80f73c865e8308b69e57f8a949506e30a57abe7ce8b52dca8ff01367ff4 afou esy exeis to discord"}, {"text": "o7"}, {"text": "akrivos"}, {"text": "poio kapelo ?"}]}