{"data": [{"text": "oxi"}, {"text": "?"}, {"text": "???"}, {"text": "SE GAMAEI O WESTGOAT"}, {"text": "nai logika"}, {"text": "OI PROSWPIKOI SOU EPIVHTORES OI CLIPPERS"}, {"text": "?"}, {"text": "pnikse me sta vyzia sou wanda"}, {"text": "hot"}, {"text": "egw ton thelw"}, {"text": "AXAXAXAXAX"}, {"text": "kai ti thes na kanei re ilithie, na katsei na ta faei, ti sthmenos leei"}, {"text": "o7 Kuedon"}, {"text": "kanenas MOD mesa KEKW"}, {"text": "o7"}, {"text": "eixe paiksei se ena Milan-Fiorentina fetos sto 90'"}]}