{"data": [{"text": "rumble mid den paizetai ?? ante kai top"}, {"text": "XXAXAXAXAXAXXAXAXA"}, {"text": "xaxaxaxaxaxax"}, {"text": "@d848fb0fd78678bfde989ffea60ccc833bb12575f44e532e550be193f2bb2aad738bac3ee35a299e63953acd45e781cfc5e50a5fbe6aa9e5c6fa3fc34befcf1f KEKW"}, {"text": "to kalutero kai pio tairiasto role einai to jungle gt eisai adaxtulos interas LUL  psiloktlvs"}, {"text": "mlk s erikse 50lp gmtxt"}, {"text": "tsimpoukokatastash ktlvs pws to pa KEKW"}, {"text": "xaxaxxaxaax"}, {"text": "klaiwwwww gmtxs"}, {"text": "xaaxaxaxxaxaxaaxxx"}, {"text": "@1b8612f9f3ef84a0e793333c25f5cf1e53612dab1aa098a6e5ac0c3d42bce242417ceee13d722ac791589a2ed04db659dabb5433402fb1909ad34d7da5275404 gnwmh gia tsimpoukiera LULU? 4Head"}, {"text": "@29615628e562b1bab4420b56c98cd60ad514c77cbfcce504fb484108b53814f04bf5b132c7001b60d3e64dc1e5e04d9e71fc454f4682ba604b9c26e0edcd3fc8 auto me to girl re"}, {"text": "babi ti htan auto? ksekwli pou streamarei elden ring? pou ta kses esy auta? upoptos LUL"}, {"text": "sa gamimeni tsimpoukiera? xD"}, {"text": "pali kouvalas vlepw babi? katalaves twra LUL"}]}