{"data": [{"text": "ITS DAME TIME"}, {"text": "lilard goat"}, {"text": "ti wraia re"}, {"text": "skistous karafla"}, {"text": "KOUGIA PES MAS LIGO KAI GIA TIN PARAGKA KONTE"}, {"text": "KOUGIA KLASE MAS TA ARXIDIA KONTE"}, {"text": "captain to karaiskaki den to xrwstate akoma? traba mathe ligo"}, {"text": "EITE SAS PAIZEI KSENOS EITE ELLHNAS PALI KLETE"}, {"text": "pia paranomh re"}, {"text": "POSO ALITHEIA PES TA FILE"}, {"text": "PES TA FILE"}, {"text": "pseuths"}, {"text": "fax"}, {"text": "FAX"}, {"text": "DILADI O PAO POU ERIKSE 2 KAI O OLU POU ERIKSE 3 KERDISANE STA ISIA KAI H AEK OXI? ANTE PIGENTE SE KANA GIATRO"}]}