{"data": [{"text": "Bedge bot lane"}, {"text": "kalo tha itan na kanane adjust ton ivern na paizetai k supp, kapws na vgazei value i passive"}, {"text": "tsigasVibe"}, {"text": "RIPBOZO"}, {"text": "thank you doubters EZ"}, {"text": "dinei kali apodosi tho"}, {"text": "pepeBet pepeBet pepeBet"}, {"text": "bets!!!!"}, {"text": "forg1venPoiosChris"}, {"text": "flex me viewers?"}, {"text": "uparxei win condition alla nai, bad game"}, {"text": "gnwmi pou antipalo jungle einai sunexeia bot kai top mig jng supp xanoun?"}, {"text": "monkaStop"}, {"text": "oxi akoma noris einai vale bet"}, {"text": "betsss please"}, {"text": "pepeBet DinkDonk"}, {"text": "pepeBet PETTHEMODS"}, {"text": "WINNERQ"}]}