{"data": [{"text": "den einai botaki"}, {"text": "malaka h jinx ta paizei"}, {"text": "aa nai?"}, {"text": "ton lipithika tbh"}, {"text": "extes epaiksa ena tft to brady....eimaste 2 me 13 hp....xanw prwtos paw 0 hp o allos xanei 2os kai autos 0 hp kai ebgale emena 4o  PepeLaugh"}, {"text": "poutsa ston baus fanboy"}, {"text": "zesto nero WutFace"}, {"text": "@10095f56175a5a9e27aa9e07c8e45a09b40f1e72927263681d9497493d8f1baceacfe20666b3afba0d8f1e79b28f048c338940fed0cec818459d97b194306215 fuuuuull kalh... fuuuuull omws"}, {"text": "malamatina > kruo nero"}, {"text": "DinoDance DinoDance DinoDance DinoDance"}, {"text": "\u039e\u03cd\u03c1\u03b9\u03c3\u03b5 \u03c4\u03b7\u03bd \u03b3\u03bf\u03c5\u03bb\u03b9"}]}