{"data": [{"text": "AXAXAXXA"}, {"text": "XAXAX"}, {"text": "omadara"}, {"text": "gia thn fiesta"}, {"text": "e psiloadiaforo einai"}, {"text": "xaxxa"}, {"text": "var"}, {"text": "hot"}, {"text": "oi goneis ton paidion re"}, {"text": "HOT AD"}, {"text": "XYN"}, {"text": "ORAIOI FANS"}, {"text": "AXAXAX"}, {"text": "FIGE RE POUSTH"}, {"text": "PARE DROMO RE MLK"}, {"text": "a kala"}, {"text": "PIR GREEK LIVE"}, {"text": "FAX"}, {"text": "A KALA"}, {"text": "?"}, {"text": "ela gamw thn aek kleiston asxeto"}, {"text": "to 2o gkol htan faoull"}, {"text": "TI LES KAI ESI RE TIESELETO"}, {"text": "?"}, {"text": "TI LEEI RE"}, {"text": "ela koprston vlaka re"}, {"text": "kai sto 97 tha empaine an xreiaste"}, {"text": "megalo vlima einai autos o tipos"}, {"text": "oxi autos o vlakas"}, {"text": "fax"}, {"text": "paiktara camarda"}, {"text": "hot"}]}