{"data": [{"text": "wraiooooos @d2743ec0a109efa02c4a97414e121f0b27e0a4c1cc840ca6d8ce639deb8781075dac35f3dd424943c4c30bae3ecedb91f9a6bf0fabdbbcf5bec615098ca4e4dd"}, {"text": "today? @d2743ec0a109efa02c4a97414e121f0b27e0a4c1cc840ca6d8ce639deb8781075dac35f3dd424943c4c30bae3ecedb91f9a6bf0fabdbbcf5bec615098ca4e4dd"}, {"text": "keep it up"}, {"text": "alla gamise"}, {"text": "file ligo eida logo douleias"}, {"text": "STAMPOU MWRO MOU"}, {"text": "na grapsw tsigas metaksi twn frudiwn?"}, {"text": "s"}, {"text": "na niwtheis tuxero"}, {"text": "an isun sto forgiven tha isun idi ban file"}, {"text": "i mikropragmata?"}, {"text": "milame gia megalo tattoo ntino?"}, {"text": "DUO TSIGAS"}, {"text": "egrapse sto chat o Anton"}, {"text": "de theorw oti einai empodio"}, {"text": "DUO ADON Kappa"}, {"text": "o rengar einai o Adon"}, {"text": "Mlks twra eida oti"}, {"text": "kai proxwra"}, {"text": "kanton mute"}, {"text": "TIIIIIIII EIPA"}, {"text": "epestrepse o agapimenos sas mod"}, {"text": "brb"}, {"text": "tetoies trollies akous"}, {"text": "re mlk xasisaki"}, {"text": "posa LP twra"}, {"text": "Pies kana kafedaki kai pame next"}, {"text": "plirwthikan oi pistoi"}, {"text": "PENTA KILL"}, {"text": "Kalo 4Head"}, {"text": "?"}, {"text": "simera"}, {"text": "anevenoume"}, {"text": "ta eixe pei o tsigas"}, {"text": "na dwsw prwimi plirwmi ?"}, {"text": "BOOM"}, {"text": "o ntinos defeat epekse?"}, {"text": "treno tous pane"}, {"text": "hmm"}, {"text": "THE POINTS"}, {"text": "GIA PAME LIGO"}, {"text": "AXAXAXAXAXA"}, {"text": "ekraze"}, {"text": "gnwmi gia kouva Ntinou?"}, {"text": "xasisaki"}, {"text": "fotara twra kerdise re mlk"}, {"text": "all in? @691e51c4fa6016ca8c771f44c4bfa2d382f124c668eeca6a74c8a5df9b504abb0134c572e9b2087f001bdaaf5a5de663202989515d745527a83a1ddf15ed5e13"}, {"text": "thelei na refarei o Ntinos"}, {"text": "AXAXAXAXA"}, {"text": "kouva o ntinos kai oi alloi apistoi"}, {"text": "opa opa oxi tetoio leksilogio"}, {"text": "ntino arxise kraze antipalous gt de se vlepw kala"}, {"text": "eimai o asman"}, {"text": "plot twist"}, {"text": ":("}, {"text": "emm"}, {"text": "trexa"}, {"text": "erxetai o Asman"}, {"text": "DIKASTHKAN"}, {"text": "BOOM"}, {"text": "re mlk tsiga me ekanes kai gelasa full"}, {"text": "AXAXAXA"}, {"text": "Asman"}, {"text": "@29067a2b1bea9895d6be8433fecb0f2677a4031aa1dee6fd2ebab2edba287b95d74dee0d4357f40033a195b46c1013fc7c6df0ba078f69c1d240c53d59758ee2 kai kalaaaaaaaa"}, {"text": "@b77910706ef1cf58e0420e7a363eb3fe9a916af638780dec7e09469982d36838b947e0815ef2b6b26bc61c76ce2d03302eba89f9a22fef8e5fff197bca9d7e13 <3"}, {"text": "@1f83755407d405362607eba65a906c4c2109e3b1969efb9cc9cc11d8b8db2a403b728c3913ab6b8806390db813577a510f6a863926b656ba4e28eea5bf19fdaa"}, {"text": "yparxei elpis"}, {"text": "telika akuro Kappa"}, {"text": "Kappa"}, {"text": "sas ekane bait to 0-8 tou last"}, {"text": "oi apistoi"}, {"text": "nomizw xasate magkes"}, {"text": "EXOUME PSUXOLOGIKA"}, {"text": "2024 exume bro fusika kai tha milame monoi mas"}, {"text": "einai radiwfono"}, {"text": "parakolouthoun oloi me agwnia"}, {"text": "4Head"}, {"text": "PATWNEIS?"}, {"text": "NTINO TREMEIS POU ERXETAI O KOUVAS?"}, {"text": "AXAXAXA"}, {"text": "des ton"}, {"text": "to phge full tryhard"}, {"text": "to fovi8ikes"}, {"text": "to les kai kota"}, {"text": "ontos? @824eb5938981ae25d3fab58c8c2fed120082f16dd6f2f856bf7e3637378692a84a33ccfaed0e6ae08a9c88375ffeded886fdf8d30a192bde020f79a1e654fe66"}, {"text": "ARXIDIIIIIIS"}, {"text": "ekrazes gia ta bets kai einai 50-50 @824eb5938981ae25d3fab58c8c2fed120082f16dd6f2f856bf7e3637378692a84a33ccfaed0e6ae08a9c88375ffeded886fdf8d30a192bde020f79a1e654fe66"}, {"text": "LOGIKA"}, {"text": "AXAXAXAXA"}, {"text": "kai na pas 11-0"}, {"text": "gia na tous deleasw na peksoun oloi over"}]}