{"data": [{"text": "paizete kai online auto"}, {"text": "Hestia Goddess of the domestic and civic hearth, the home, sacred and sacrificial fire, virginity, family, and the state"}, {"text": "lol"}, {"text": "kekw re"}, {"text": "h estia"}, {"text": "i have never played hades"}, {"text": "!skin"}, {"text": "auto chat einai to league"}, {"text": "tha drepomoun an epaiza cassio"}, {"text": "logika katholou broken to cassio"}, {"text": "afou exei bgalei malmortius"}, {"text": "sou tairiazei full o kayn"}, {"text": "lew * to pisteyw oti tha kouvalhzeis epeidh paizeis kayn"}, {"text": "gt paizeis kayn"}, {"text": "to pisteuw nai"}, {"text": "adrikos kayn"}, {"text": ":p"}]}