{"data": [{"text": "flying189Notlikethis flying189Notlikethis flying189Notlikethis flying189Notlikethis flying189Notlikethis flying189Notlikethis flying189Notlikethis flying189Notlikethis flying189Notlikethis flying189Notlikethis"}, {"text": "@dc8c52635de3a0ef585a141de034b601057e428d086991ce3819ec5ccd7734d2d082cd37339863b87609fc0fad5151070a78f3a0e650a1b174b084f1c7f9d5fc"}, {"text": "\u03bf\u03b8\u03c4\u03b5 \u03c3\u03c4\u03bf\u03bd \u03ba\u03b1\u03bd\u03b1\u03b4\u03b1 \u03b5\u03c7\u03bf\u03c5\u03bd \u03c1\u03bf\u03bb\u03b1 \u03c3\u03c4\u03b1 \u03c0\u03b1\u03c1\u03b1\u03b8\u03b7\u03c1\u03b1 ;;"}, {"text": "den blepoyme einasi klista"}]}