{"data": [{"text": "\u03bd\u03b1\u03b9 \u03bc\u03b1\u03bb\u03b1\u03ba\u03b9\u03b1 \u03bc\u03bf\u03c5 \u03c0\u03bf\u03c5 \u03b4\u03b5\u03bd \u03ad\u03c7\u03b5\u03b9 \u03b2\u03ac\u03bb\u03b5\u03b9 \u03c4\u03bf twitch \u03c4\u03b7\u03bd \u03b4\u03c5\u03bd\u03b1\u03c4\u03cc\u03c4\u03b7\u03c4\u03b1 \ud83d\ude02"}, {"text": "\ud83d\ude02"}, {"text": "apo kin den mporw"}, {"text": "GRAPSTOU IM A BIG FAN"}, {"text": "VIDEO GIA YOUTUBE"}, {"text": "OOOO TSIGAS VS MASSINA"}, {"text": "HAHAHAHAHA"}, {"text": "sto ro"}, {"text": "HAHAHAHAHQHAHHAHA"}, {"text": "!so D1OK_TV"}, {"text": "!so d1ok"}, {"text": "D1OK RAID"}, {"text": "HAAHHAHA"}, {"text": "efage mpouts Twra thelei na ksanafaei"}, {"text": "ahahahqhqh 30 wres ekanes @fe04633b256ef7ce789aae4e89b2b11adb4869da54f75f39bd682753b1a26948a86487c7ca1e8ce7d38edf74328d413c48f7c7c6bd61ab14633cf66240f81ae5"}, {"text": "gooda"}, {"text": "Pali arga"}, {"text": "99% AYRIO"}, {"text": "bro I\u2019m really bad \ud83d\ude02"}, {"text": "@dab44978f2695205086c76ac0c85a8a935c7f1bea89bc88ed3f33994a4509e665520183e116739739f96de42c38329afe01c8a4cabefbb4b431f802dc1e17860 se perimenw k next"}, {"text": "Apoellara pws s fanhke xthes?"}, {"text": "Mhn \ud83d\ude02"}, {"text": "DEN TO EKANE"}, {"text": "OXI MPRO"}, {"text": "APOKLEIETAI"}, {"text": "REPLAY PAME"}, {"text": "TO NEXUS"}, {"text": "NA DW"}, {"text": "Pame replay"}, {"text": "candy"}, {"text": "DEPRESSION"}, {"text": "ffg"}, {"text": "no"}, {"text": "Pame Pame Pame"}, {"text": "W"}, {"text": "WTF HAPPENED"}, {"text": "LEW TELEIWSE"}, {"text": "PJGA ENA SEC NA FERQ NERO"}, {"text": "wtf"}, {"text": "den luksame"}, {"text": "Await"}, {"text": "RRR"}, {"text": "Eee"}, {"text": "tslBaggelas"}, {"text": "rikse mou ena"}, {"text": "KDA KAREKLA O PRO BOWLING GOD"}, {"text": "pw thlipsi"}]}