{"data": [{"text": "XAXAXAXAXAXXAXAXAXAXAXAXAXAXAXAXAXAXAXAXAXAXA"}, {"text": "ENAS CLOWN"}, {"text": "WPWPW"}, {"text": "XAXAXAXAXAXAXAXAXAXAXAXAXAXAXA"}, {"text": "\u03b2\u03b1\u03bb\u03b5 \u03b1\u03b5\u03ba \u03b5\u03bb\u03bb\u03b7\u03bd\u03b5\u03c2"}, {"text": "\u03c0\u03c9\u03c0\u03c9 \u03bf\u03bb\u03bf \u03bc\u03b1\u03bb\u03b1\u03ba\u03b9\u03b5\u03c2"}, {"text": "*** \u03bd\u03b1\u03b9 \u03bf\u03c7\u03b9 \u03b7 \u03b1\u03b5\u03ba \u03b4\u03b5\u03bd \u03b6\u03b7\u03b1\u03c4\u03b5\u03b9"}, {"text": "\u03b5\u03b4\u03c9 \u03c3\u03b5 \u03b5\u03c7\u03c9"}, {"text": "***"}, {"text": "\u039a\u0391\u0399 \u0397 \u0391\u0395\u039a"}, {"text": "\u03ba\u03b1\u03b9 \u03b7\u03b1 \u03b5\u03ba"}, {"text": "\u039f\u03a3\u039f \u039c\u0399\u039b\u0391\u0395\u0399 \u03a3\u039a\u0391\u0392\u0395\u0399 \u03a4\u039f\u039d \u03a4\u0391\u03a6\u039f \u03a4\u039f\u03a5"}, {"text": "\u0394\u0399\u039d\u0395\u0399 \u039f \u03a0\u039f\u03a5\u03a3\u03a4\u0397\u03a3 \u03a5\u039b\u0399\u039a\u039f"}, {"text": "\u03a7\u0391\u03a7\u0391\u03a7\u0391\u03a7\u0391\u03a7\u0391\u03a7\u0391\u03a7\u0391\u03a7\u0391\u03a7\u0391\u03a7\u0391\u03a7\u0391\u03a7\u0391\u03a7\u0391"}, {"text": "\u03c4\u03bf\u03bd \u03b5\u03c3\u03c6\u03b1\u03ba\u03c3\u03b1\u03bd \u03a7\u03a8\u0394\u03a6\u0394\u0394\u0394"}, {"text": "\u03c0\u03c9\u03c0\u03c9 \u03b1\u03ba\u03bf\u03c5\u03c3\u03c4\u03b9\u03ba\u03b1"}, {"text": "liar"}, {"text": "giga lier"}, {"text": "proswpika stoixeia kekw"}, {"text": "giati re magges fwnazan gia ellines diaitites tose mmeres?"}]}