{"data": [{"text": "einai polu gnwstos Kappa"}, {"text": "exei 738 followeres sto twitter o blitz"}, {"text": "MLK"}, {"text": "autos o blitz poios einai k grafei teties cringies"}, {"text": "@a7d00a3ca4efa4be8cd9bea65449db8506d52d154588d6867a89db731ad260a46e1bcf338cafeded462924dec36f664056e955ee925b1ff0b1325d9c0343249e nmz ftaiei oti to champ einai brokeb"}, {"text": "o draven eixe fun otan to q tou htan kai ignite"}, {"text": "pote einai to emea thanaso?"}, {"text": "lol"}, {"text": "@d8264093fcfe4100eb6284fbed8fe59d7f7bd6fae32b450579172d5b2ab3f379ece240e5d442ffc34d2580df3a1f2a5a488068c1da35c8548f016f00b1b06c53 uparxei tetoioo pragma?"}, {"text": "viiiegos thhhheheheh ladyyyy"}, {"text": "file m kalhmera"}]}