{"data": [{"text": "HAYATE PROSTIMO DES @ffc024cd16e35f3edc97aa52074bd1eddd6148a99c70808ca67be4ecac5427bdb044f86dc06e480940402fe0c284c8d9a2ffda96a30d01733421ca7c3321d213"}, {"text": "HAYATE TSILII @ffc024cd16e35f3edc97aa52074bd1eddd6148a99c70808ca67be4ecac5427bdb044f86dc06e480940402fe0c284c8d9a2ffda96a30d01733421ca7c3321d213"}, {"text": "\u0397\u0391\u03a5\u0391\u03a4\u0395 \u03a1\u0395 @ffc024cd16e35f3edc97aa52074bd1eddd6148a99c70808ca67be4ecac5427bdb044f86dc06e480940402fe0c284c8d9a2ffda96a30d01733421ca7c3321d213 \u0394\u0399\u0391\u03a9\u0391\u03a3\u0395 \u039b\u0399\u0393\u039f \u03a4\u039f \u0395\u03a3\u03a1"}, {"text": "opoios gia epixeirhma enw tou leme oti h aek exei pararthma thn lamia kai filika proskeimeno ton arh , leei nai omws o karapas eipe milko cup kai o kougias einai kontos kai kanei proforikes mhnyseis den deixnei oti einai ilithios , kai opoios thelei na dei fortwmeno deltio me anatroph aek na mou pei @ffc024cd16e35f3edc97aa52074bd1eddd6148a99c70808ca67be4ecac5427bdb044f86dc06e480940402fe0c284c8d9a2ffda96a30d01733421ca7c3321d213 xazo aektzhdes ena double phrate kai ena prwtathlima fetos kai skouzete gia 15 xronia re magkes , hrema @ffc024cd16e35f3edc97aa52074bd1eddd6148a99c70808ca67be4ecac5427bdb044f86dc06e480940402fe0c284c8d9a2ffda96a30d01733421ca7c3321d213"}, {"text": "AN OTI LEEI O KARAPAPAS TO XRHSIMOPOIEITE RE PAIDIA FILATHLOI THS AEK ME ETOS IDRYSHS 2014 , DEIXNEI OTI EISTE OLIGON TI VLAKES @ffc024cd16e35f3edc97aa52074bd1eddd6148a99c70808ca67be4ecac5427bdb044f86dc06e480940402fe0c284c8d9a2ffda96a30d01733421ca7c3321d213"}, {"text": "@5d38e3295a4125e2a9c2bdad6cdfa5e49d0083efa231bf451ba4e83ff292ca26f1bf7b4e3a9a40754f348b2c76817b06e48f1f58346301493fe5553b98d27c6b METAFRAZW , EISAI MAGKAS"}, {"text": "TO GKOL TOU MASOURA HTAN XERI ? @a5f9f39c345b3fa49f8ab72d6ebb9d86caa8a062edd4b0ccb2f0e6a82747e79eed8d805f62e104af0e8a00f33ce90b8024622ceb43383619d3c63c00bce543d4"}, {"text": "@a5f9f39c345b3fa49f8ab72d6ebb9d86caa8a062edd4b0ccb2f0e6a82747e79eed8d805f62e104af0e8a00f33ce90b8024622ceb43383619d3c63c00bce543d4 KEVLAR OSFP AEK , DEN ADIKITHIKE O OLYMPIACOS MESA STO KARAISKAKH ?? PES SOVARA"}, {"text": "OI AEKTZHDES POU EXOUN PARADEXTHEI OLOI OTI EXOUN PARARTHMA THN LAMIA , OLOI MA OLOI OMWS , LENE OTI O PANATHINAIKOS EXEI PARARTHMA THN LAMIA KAI O OLYMPIACOS TON PAOK ? H AEK EXEI PARARTHMA LAMIA KAI TSIMPOUKOLEVIE TON ARH , TI MILATE RE PAIDIA @ffc024cd16e35f3edc97aa52074bd1eddd6148a99c70808ca67be4ecac5427bdb044f86dc06e480940402fe0c284c8d9a2ffda96a30d01733421ca7c3321d213"}, {"text": "AN EINAI TOSO KALOS TERMATOFYLAKAS GT DEN TON PAIRNEI H AEK ME ETOS IDRYSHS 2014 TON CHOUTESIOTI RE PAIDIA ? AFOU DEN EXEI TERMATOFYALAKA , NA MOU APANTHSEI KAPOIOS AEKTZHS RE PAIDIA , AN EINAI TOSO KALOS PARTE TO STHN OMADA"}, {"text": "supp item evolve"}, {"text": "ti kako to last song"}, {"text": "twra eisai free agent ?"}]}