{"data": [{"text": "ti kaneis"}, {"text": "katse ekei sto jinx aphelios"}, {"text": "XAXAXAXA"}, {"text": "aaaa ton ryze ton kserw"}, {"text": "ap oti exw dei"}, {"text": "the serius kallista>nikiyas kallista"}, {"text": "fytrwse orxeis"}, {"text": "xxaxaxaxaxa"}, {"text": "ti kanei o arxidis"}, {"text": "xaxaxaxa"}, {"text": "dn ginete na paizete ekei sta close me to zilean"}, {"text": "tin douleia allh thn kanoune"}, {"text": "nai re ligo sustain 8es esy"}, {"text": "kane win loss"}, {"text": "etziiiii"}, {"text": "kalhspera file mou"}, {"text": "pam"}, {"text": "to liwnete"}, {"text": "PAME OMADA"}, {"text": "eprepe na pareis to drake"}, {"text": "the serious kamila"}, {"text": "ryze singed late tha tzi gamiarete"}, {"text": "eraaaaaa"}]}