{"data": [{"text": "POTE PHGE O RETSOS STH VILLA ?"}, {"text": "@ffc024cd16e35f3edc97aa52074bd1eddd6148a99c70808ca67be4ecac5427bdb044f86dc06e480940402fe0c284c8d9a2ffda96a30d01733421ca7c3321d213 ESKYPSE AYTOS POU HTAN STO TOIXOS KAI MPHKE GOAL"}, {"text": "VAR TO 1O GOAL THS JUVE @ffc024cd16e35f3edc97aa52074bd1eddd6148a99c70808ca67be4ecac5427bdb044f86dc06e480940402fe0c284c8d9a2ffda96a30d01733421ca7c3321d213"}, {"text": "EKYPSE O ALLOS KAI MPHKE"}, {"text": "an kerdisei h inter pairnei kai ma8hmatika to prwta8lhma"}, {"text": "esy o deksia +10 cm"}, {"text": "OXI RE DEN TON PATAEI O GEROS O ARAOUXO FELE"}]}