{"data": [{"text": "nai einai vasika"}, {"text": "den einai linked alla mporei na einai"}, {"text": "ryze"}, {"text": "san ton jayce ena prama"}, {"text": "based"}, {"text": "kai einai kainourio"}, {"text": "de to exei valei nomizw o markos"}, {"text": "kekw"}, {"text": "lec material o blitz"}, {"text": "in game"}, {"text": "@ba29deac4b3af8ee0a3cde433e6623fe7c66be409f2af559cb7cd630925bb27aed1a37204fb2e50b74ba03e70cd9f228bee7d29a3802799a9eabcf3ccd280a74 enas random"}, {"text": "teleiwse"}, {"text": "ama vgei ligo mprosta"}, {"text": "@a7d00a3ca4efa4be8cd9bea65449db8506d52d154588d6867a89db731ad260a46e1bcf338cafeded462924dec36f664056e955ee925b1ff0b1325d9c0343249e snowballarei apisteuta poly giauto"}, {"text": "re pws ta pairnete"}, {"text": "kalo shutdown"}, {"text": "axaxxaxaa"}, {"text": "tha lene poios einai autos o comp"}, {"text": "tha to bannaroun twra sigoura"}, {"text": "rip draven pick"}, {"text": "kala se high elo den einai synexeia banned?"}, {"text": "thelei gladiator gia ta memes"}, {"text": "to draven prin to patch eniothes oti einai katholou dynato?"}, {"text": "complo1Love complo1Love"}]}