{"data": [{"text": "@b56f28aa6968563aeee5beaf5684d98dde13e8ff49aa3770abf5dcefacb8217a89338879ea29fd8cf70f4b90bc9a806fc43910fde63cbf5f62630e9df9beb9b0 mhn to les auto to lexh"}, {"text": "H fwnh"}, {"text": "Fun akougete"}, {"text": "BTW an sas peirazei to duo ti lete gia one for all?"}, {"text": "OXI EIXA 0AXEI TO LORE THS SERAPHINE"}, {"text": "VEVAIA GIAUTO O PALIOS EIXE PETHANEI"}, {"text": "NAI OMWS XEREIS TI DUNAMH EIXAN OI KRYSTALOI TOU PALIOU? AYTOI VOHTHISAN TH SERAPHINE NA ELENXEI TIS DUNAMEIS THS"}, {"text": "Esena oute o kainourios se thelei LUL"}, {"text": "THELW TON PALIO SKARNER"}, {"text": "@97e2b56176c62499b7f7bc71a55a656d17dae756529678e677b8412c2295377b8ec408c8b38e35d650029c40a64031a4f2907f807c3bf79c6fd07923204cc484 geia sas kuria Marry"}, {"text": "\u039f \u03a0\u0391\u039b\u0399\u039f\u03a3 \u039c\u039f\u03a5 \u0391\u03a1\u0395\u03a3\u0395 \u03a0\u0391\u03a1\u0391\u03a0\u0386\u039d\u03a9"}, {"text": "\u039f\u039c\u03a9\u03a3 \u0393\u0399\u0391\u03a4\u038a \u039a\u0386\u039d\u0391\u039d\u0395 \u03a4\u039f\u039d SKARNER \u0391\u03a3\u03a7\u0397\u039c\u039f?"}, {"text": "\u0393\u0399\u0391\u03a4\u038a \u03a5\u03a0\u0386\u03a1\u03a7\u0395\u0399 \u0397 AKALI"}, {"text": "\u03a4\u03bf \u03bc\u03bd\u03c4\u03c2 \u03c3\u03ad\u03c1\u03bd\u03b5\u03b9 \u03ba\u03b1\u03c1\u03ac\u03b2\u03b9\u03b1"}, {"text": "\u039a\u03b1\u03c1\u03b4\u03b9\u03b1"}, {"text": "\u0394\u03ae\u03bc\u03b7\u03c4\u03c1\u03b1"}, {"text": "\u0395\u03c3\u03cd \u03c0\u03bf\u03b9\u03b1 \u03b5\u03af\u03c3\u03b1\u03b9;"}, {"text": "\u03a0\u03bf\u03c3\u03b5\u03b9\u03b4\u03ce\u03bd\u03b1\u03c2"}, {"text": "Why not? Egw goustarw mythologia agria"}, {"text": "KALWWWWWWWWWWWWWWWW TON SKOTEINO MAGOOOOOOOO"}, {"text": "Qu\u2019en penses-tu?"}, {"text": "Salut comment allez-vous ? tlneroHey"}]}